Line Name,Protein Name,Total Area
C1-S1-B1.1-R1,YjgB,125.0
C1-S1-B1.1-R2,YjgB,0.0
C1-S2-B1.1-R1,YjgB,530.0
C1-S2-B1.1-R2,YjgB,470.0
C1-S4-B1.1-R1,YjgB,431.0
C1-S4-B1.1-R2,YjgB,286.0
C1-S8-B1.1-R1,YjgB,0.0
C1-S8-B1.1-R2,YjgB,0.0
C1-S9-B1.1-R1,YjgB,0.0
C1-S9-B1.1-R2,YjgB,0.0
C1-S11-B1.1-R1,YjgB,0.0
C1-S11-B1.1-R2,YjgB,380.0
C1-S12-B1.1-R1,YjgB,1650.0
C1-S12-B1.1-R2,YjgB,669.0
C1-S15-B1.1-R1,YjgB,0.0
C1-S15-B1.1-R2,YjgB,307.0
C1-S16-B1.1-R1,YjgB,188.0
C1-S16-B1.1-R2,YjgB,0.0
C1-S22-B1.1-R1,YjgB,184852.0
C1-S22-B1.1-R2,YjgB,170458.0
C0-S9017-B1.1-R1,YjgB,1624.0
C0-S9017-B1.1-R2,YjgB,1828.0
C1-S11-B1.2-R1,YjgB,0.0
C1-S11-B1.2-R2,YjgB,331.0
C1-S11-B1.2-R3,YjgB,0.0
C1-S19-B1.2-R1,YjgB,1627.0
C1-S19-B1.2-R2,YjgB,1328.0
C1-S19-B1.2-R3,YjgB,795.0
C1-S25-B1.2-R1,YjgB,101260.0
C1-S25-B1.2-R2,YjgB,109298.0
C1-S25-B1.2-R3,YjgB,101216.0
C1-S26-B1.2-R1,YjgB,109625.0
C1-S26-B1.2-R2,YjgB,110714.0
C1-S26-B1.2-R3,YjgB,100193.0
C1-S27-B1.2-R1,YjgB,152484.0
C1-S27-B1.2-R2,YjgB,146233.0
C1-S27-B1.2-R3,YjgB,157666.0
C1-S28-B1.2-R1,YjgB,103947.0
C1-S28-B1.2-R2,YjgB,91972.0
C1-S28-B1.2-R3,YjgB,101638.0
C1-S29-B1.2-R1,YjgB,128554.0
C1-S29-B1.2-R2,YjgB,130910.0
C1-S29-B1.2-R3,YjgB,128301.0
C1-S30-B1.2-R1,YjgB,158967.0
C1-S30-B1.2-R2,YjgB,156625.0
C1-S30-B1.2-R3,YjgB,166579.0
C1-S31-B1.2-R1,YjgB,0.0
C1-S31-B1.2-R2,YjgB,0.0
C1-S31-B1.2-R3,YjgB,427.0
C1-S32-B1.2-R1,YjgB,1235.0
C1-S32-B1.2-R2,YjgB,644.0
C1-S32-B1.2-R3,YjgB,747.0
C1-S33-B1.2-R1,YjgB,1893.0
C1-S33-B1.2-R2,YjgB,1994.0
C1-S33-B1.2-R3,YjgB,1736.0
C1-S34-B1.2-R1,YjgB,865.0
C1-S34-B1.2-R2,YjgB,741.0
C1-S34-B1.2-R3,YjgB,940.0
C1-S35-B1.2-R1,YjgB,259273.0
C1-S35-B1.2-R2,YjgB,256264.0
C1-S35-B1.2-R3,YjgB,262022.0
C1-S36-B1.2-R1,YjgB,143921.0
C1-S36-B1.2-R2,YjgB,144439.0
C1-S36-B1.2-R3,YjgB,151161.0
C0-S9017-B1.2-R1,YjgB,382.0
C0-S9017-B1.2-R2,YjgB,0.0
C0-S9017-B1.2-R3,YjgB,498.0
C1-S1-B1.3-R1,YjgB,594.0
C1-S1-B1.3-R2,YjgB,544.0
C1-S1-B1.3-R3,YjgB,0.0
C1-S2-B1.3-R1,YjgB,0.0
C1-S2-B1.3-R2,YjgB,576.0
C1-S2-B1.3-R3,YjgB,773.0
C1-S3-B1.3-R1,YjgB,1344.0
C1-S3-B1.3-R2,YjgB,2361.0
C1-S3-B1.3-R3,YjgB,1275.0
C1-S5-B1.3-R1,YjgB,800.0
C1-S5-B1.3-R2,YjgB,1180.0
C1-S5-B1.3-R3,YjgB,693.0
C1-S6-B1.3-R1,YjgB,2639.0
C1-S6-B1.3-R2,YjgB,1730.0
C1-S6-B1.3-R3,YjgB,2830.0
C1-S7-B1.3-R1,YjgB,0.0
C1-S7-B1.3-R2,YjgB,386.0
C1-S7-B1.3-R3,YjgB,406.0
C1-S8-B1.3-R1,YjgB,378.0
C1-S8-B1.3-R2,YjgB,0.0
C1-S8-B1.3-R3,YjgB,657.0
C1-S10-B1.3-R1,YjgB,0.0
C1-S10-B1.3-R2,YjgB,0.0
C1-S10-B1.3-R3,YjgB,0.0
C1-S13-B1.3-R1,YjgB,887.0
C1-S13-B1.3-R2,YjgB,1376.0
C1-S13-B1.3-R3,YjgB,0.0
C1-S16-B1.3-R1,YjgB,0.0
C1-S16-B1.3-R2,YjgB,0.0
C1-S16-B1.3-R3,YjgB,527.0
C1-S18-B1.3-R1,YjgB,1663.0
C1-S18-B1.3-R2,YjgB,814.0
C1-S18-B1.3-R3,YjgB,822.0
C1-S21-B1.3-R1,YjgB,146386.0
C1-S21-B1.3-R2,YjgB,145548.0
C1-S21-B1.3-R3,YjgB,153728.0
C1-S23-B1.3-R1,YjgB,169309.0
C1-S23-B1.3-R2,YjgB,168464.0
C1-S23-B1.3-R3,YjgB,156819.0
C1-S24-B1.3-R1,YjgB,199457.0
C1-S24-B1.3-R2,YjgB,200666.0
C1-S24-B1.3-R3,YjgB,207706.0
C0-S9017-B1.3-R1,YjgB,777.0
C0-S9017-B1.3-R2,YjgB,1219.0
C0-S9017-B1.3-R3,YjgB,692.0
C1-S11-B2.3-R1,YjgB,1535.0
C1-S11-B2.3-R2,YjgB,2090.0
C1-S11-B2.3-R3,YjgB,3012.0
C1-S32-B2.3-R1,YjgB,5013.0
C1-S32-B2.3-R2,YjgB,4111.0
C1-S32-B2.3-R3,YjgB,4796.0
C0-S9017-B2.3-R1,YjgB,1915.0
C0-S9017-B2.3-R2,YjgB,2339.0
C0-S9017-B2.3-R3,YjgB,1978.0
C2-S10-B2.3-R1,YjgB,1241.0
C2-S10-B2.3-R2,YjgB,2666.0
C2-S10-B2.3-R3,YjgB,832.0
C2-S11-B2.3-R1,YjgB,0.0
C2-S11-B2.3-R2,YjgB,492.0
C2-S11-B2.3-R3,YjgB,350.0
C2-S15-B2.3-R1,YjgB,5622.0
C2-S15-B2.3-R2,YjgB,7013.0
C2-S15-B2.3-R3,YjgB,6996.0
C2-S16-B2.3-R1,YjgB,5982.0
C2-S16-B2.3-R2,YjgB,6076.0
C2-S16-B2.3-R3,YjgB,6608.0
C2-S17-B2.3-R1,YjgB,7410.0
C2-S17-B2.3-R2,YjgB,7846.0
C2-S17-B2.3-R3,YjgB,7846.0
C2-S19-B2.3-R1,YjgB,7300.0
C2-S19-B2.3-R2,YjgB,6225.0
C2-S19-B2.3-R3,YjgB,6533.0
C2-S20-B2.3-R1,YjgB,4434.0
C2-S20-B2.3-R2,YjgB,5355.0
C2-S20-B2.3-R3,YjgB,4287.0
C2-S21-B2.3-R1,YjgB,2324.0
C2-S21-B2.3-R2,YjgB,435.0
C2-S21-B2.3-R3,YjgB,1178.0
C2-S22-B2.3-R1,YjgB,625.0
C2-S22-B2.3-R2,YjgB,3280.0
C2-S22-B2.3-R3,YjgB,2045.0
C2-S23-B2.3-R1,YjgB,548.0
C2-S23-B2.3-R2,YjgB,996.0
C2-S23-B2.3-R3,YjgB,1888.0
C2-S5-B2.3-R1,YjgB,3819.0
C2-S5-B2.3-R2,YjgB,5006.0
C2-S5-B2.3-R3,YjgB,3696.0
C2-S7-B2.3-R1,YjgB,1775.0
C2-S7-B2.3-R2,YjgB,1954.0
C2-S7-B2.3-R3,YjgB,2749.0
C2-S8-B2.3-R1,YjgB,4451.0
C2-S8-B2.3-R2,YjgB,4519.0
C2-S8-B2.3-R3,YjgB,4199.0
C2-S1-B2.4-R1,YjgB,1935.0
C2-S1-B2.4-R2,YjgB,1407.0
C2-S1-B2.4-R3,YjgB,2469.0
C2-S2-B2.4-R1,YjgB,1970.0
C2-S2-B2.4-R2,YjgB,2230.0
C2-S2-B2.4-R3,YjgB,1964.0
C2-S4-B2.4-R1,YjgB,2000.0
C2-S4-B2.4-R2,YjgB,1701.0
C2-S4-B2.4-R3,YjgB,1849.0
C1-S11-B2.4-R1,YjgB,1184.0
C1-S11-B2.4-R2,YjgB,2373.0
C1-S11-B2.4-R3,YjgB,2177.0
C2-S11-B2.4-R1,YjgB,4359.0
C2-S11-B2.4-R2,YjgB,2978.0
C2-S11-B2.4-R3,YjgB,2836.0
C2-S14-B2.4-R1,YjgB,1575.0
C2-S14-B2.4-R2,YjgB,1353.0
C2-S14-B2.4-R3,YjgB,866.0
C2-S24-B2.4-R1,YjgB,6290.0
C2-S24-B2.4-R2,YjgB,4330.0
C2-S24-B2.4-R3,YjgB,4773.0
C1-S32-B2.4-R1-delPoxB,YjgB,4231.0
C1-S32-B2.4-R2-delPoxB,YjgB,4098.0
C1-S32-B2.4-R3-delPoxB,YjgB,2673.0
C1-S32-B2.4-R1-delPta,YjgB,3382.0
C1-S32-B2.4-R2-delPta,YjgB,3154.0
C1-S32-B2.4-R3-delPta,YjgB,2865.0
C1-S32-B2.4-R1-delPtaelPoxB,YjgB,7130.0
C1-S32-B2.4-R2-delPtaelPoxB,YjgB,7568.0
C1-S32-B2.4-R3-delPtaelPoxB,YjgB,6732.0
C0-S9017-B2.4-R1,YjgB,2158.0
C0-S9017-B2.4-R2,YjgB,1819.0
C0-S9017-B2.4-R3,YjgB,1574.0
C2-S1-B2.5-R1-IPTG0.5,YjgB,555.0
C2-S1-B2.5-R2-IPTG0.5,YjgB,677.0
C2-S1-B2.5-R3-IPTG0.5,YjgB,1024.0
C2-S1-B2.5-R1-IPTG1.0,YjgB,1262.0
C2-S1-B2.5-R2-IPTG1.0,YjgB,1153.0
C2-S1-B2.5-R3-IPTG1.0,YjgB,829.0
C2-S2-B2.5-R1-IPTG0.5,YjgB,1177.0
C2-S2-B2.5-R2-IPTG0.5,YjgB,337.0
C2-S2-B2.5-R3-IPTG0.5,YjgB,0.0
C2-S2-B2.5-R1-IPTG1.0,YjgB,403.0
C2-S2-B2.5-R2-IPTG1.0,YjgB,0.0
C2-S2-B2.5-R3-IPTG1.0,YjgB,0.0
C2-S3-B2.5-R1,YjgB,725.0
C2-S3-B2.5-R2,YjgB,344.0
C2-S3-B2.5-R3,YjgB,0.0
C2-S3-B2.5-R1-IPTG0.5,YjgB,252.0
C2-S3-B2.5-R2-IPTG0.5,YjgB,972.0
C2-S3-B2.5-R3-IPTG0.5,YjgB,469.0
C2-S3-B2.5-R1-IPTG1.0,YjgB,538.0
C2-S3-B2.5-R2-IPTG1.0,YjgB,924.0
C2-S3-B2.5-R3-IPTG1.0,YjgB,0.0
C2-S4-B2.5-R1-IPTG0.5,YjgB,503.0
C2-S4-B2.5-R2-IPTG0.5,YjgB,853.0
C2-S4-B2.5-R3-IPTG0.5,YjgB,491.0
C2-S4-B2.5-R1-IPTG1.0,YjgB,719.0
C2-S4-B2.5-R2-IPTG1.0,YjgB,1055.0
C2-S4-B2.5-R3-IPTG1.0,YjgB,0.0
C2-S7-B2.5-R1,YjgB,0.0
C2-S7-B2.5-R2,YjgB,396.0
C2-S7-B2.5-R3,YjgB,819.0
C2-S9-B2.5-R1,YjgB,1272.0
C2-S9-B2.5-R2,YjgB,1586.0
C2-S9-B2.5-R3,YjgB,1544.0
C1-S11-B2.5-R1,YjgB,1085.0
C1-S11-B2.5-R2,YjgB,0.0
C1-S11-B2.5-R3,YjgB,493.0
C1-S11-B2.5-R1-IPTG0.5,YjgB,894.0
C1-S11-B2.5-R2-IPTG0.5,YjgB,0.0
C1-S11-B2.5-R3-IPTG0.5,YjgB,0.0
C2-S18-B2.5-R1,YjgB,1720.0
C2-S18-B2.5-R2,YjgB,2062.0
C2-S18-B2.5-R3,YjgB,3807.0
C0-S9017-B2.5-R1,YjgB,674.0
C0-S9017-B2.5-R2,YjgB,881.0
C0-S9017-B2.5-R3,YjgB,602.0
C1-S1-B1.1-R1,FadD,111883.0
C1-S1-B1.1-R2,FadD,109006.0
C1-S2-B1.1-R1,FadD,106977.0
C1-S2-B1.1-R2,FadD,110415.0
C1-S4-B1.1-R1,FadD,79192.0
C1-S4-B1.1-R2,FadD,84364.0
C1-S8-B1.1-R1,FadD,165598.0
C1-S8-B1.1-R2,FadD,169995.0
C1-S9-B1.1-R1,FadD,745982.0
C1-S9-B1.1-R2,FadD,810667.0
C1-S11-B1.1-R1,FadD,131484.0
C1-S11-B1.1-R2,FadD,127385.0
C1-S12-B1.1-R1,FadD,516401.0
C1-S12-B1.1-R2,FadD,530998.0
C1-S15-B1.1-R1,FadD,164171.0
C1-S15-B1.1-R2,FadD,240185.0
C1-S16-B1.1-R1,FadD,115367.0
C1-S16-B1.1-R2,FadD,84540.0
C1-S22-B1.1-R1,FadD,608802.0
C1-S22-B1.1-R2,FadD,586476.0
C0-S9017-B1.1-R1,FadD,1027.0
C0-S9017-B1.1-R2,FadD,0.0
C1-S11-B1.2-R1,FadD,87148.0
C1-S11-B1.2-R2,FadD,78968.0
C1-S11-B1.2-R3,FadD,84297.0
C1-S19-B1.2-R1,FadD,163117.0
C1-S19-B1.2-R2,FadD,163881.0
C1-S19-B1.2-R3,FadD,153324.0
C1-S25-B1.2-R1,FadD,160436.0
C1-S25-B1.2-R2,FadD,161468.0
C1-S25-B1.2-R3,FadD,160094.0
C1-S26-B1.2-R1,FadD,393379.0
C1-S26-B1.2-R2,FadD,411022.0
C1-S26-B1.2-R3,FadD,411484.0
C1-S27-B1.2-R1,FadD,874810.0
C1-S27-B1.2-R2,FadD,937369.0
C1-S27-B1.2-R3,FadD,1051744.0
C1-S28-B1.2-R1,FadD,140030.0
C1-S28-B1.2-R2,FadD,114532.0
C1-S28-B1.2-R3,FadD,148197.0
C1-S29-B1.2-R1,FadD,330087.0
C1-S29-B1.2-R2,FadD,340855.0
C1-S29-B1.2-R3,FadD,327600.0
C1-S30-B1.2-R1,FadD,926442.0
C1-S30-B1.2-R2,FadD,978076.0
C1-S30-B1.2-R3,FadD,1009182.0
C1-S31-B1.2-R1,FadD,93821.0
C1-S31-B1.2-R2,FadD,96694.0
C1-S31-B1.2-R3,FadD,96589.0
C1-S32-B1.2-R1,FadD,223440.0
C1-S32-B1.2-R2,FadD,212751.0
C1-S32-B1.2-R3,FadD,217714.0
C1-S33-B1.2-R1,FadD,180662.0
C1-S33-B1.2-R2,FadD,176053.0
C1-S33-B1.2-R3,FadD,176585.0
C1-S34-B1.2-R1,FadD,66185.0
C1-S34-B1.2-R2,FadD,66880.0
C1-S34-B1.2-R3,FadD,68351.0
C1-S35-B1.2-R1,FadD,1178582.0
C1-S35-B1.2-R2,FadD,1211635.0
C1-S35-B1.2-R3,FadD,1207972.0
C1-S36-B1.2-R1,FadD,159164.0
C1-S36-B1.2-R2,FadD,146173.0
C1-S36-B1.2-R3,FadD,155123.0
C0-S9017-B1.2-R1,FadD,15325.0
C0-S9017-B1.2-R2,FadD,21035.0
C0-S9017-B1.2-R3,FadD,20178.0
C1-S1-B1.3-R1,FadD,94257.0
C1-S1-B1.3-R2,FadD,86387.0
C1-S1-B1.3-R3,FadD,92864.0
C1-S2-B1.3-R1,FadD,97136.0
C1-S2-B1.3-R2,FadD,107045.0
C1-S2-B1.3-R3,FadD,144772.0
C1-S3-B1.3-R1,FadD,355038.0
C1-S3-B1.3-R2,FadD,369437.0
C1-S3-B1.3-R3,FadD,337160.0
C1-S5-B1.3-R1,FadD,83145.0
C1-S5-B1.3-R2,FadD,83962.0
C1-S5-B1.3-R3,FadD,90099.0
C1-S6-B1.3-R1,FadD,167575.0
C1-S6-B1.3-R2,FadD,186630.0
C1-S6-B1.3-R3,FadD,213883.0
C1-S7-B1.3-R1,FadD,145026.0
C1-S7-B1.3-R2,FadD,142235.0
C1-S7-B1.3-R3,FadD,136986.0
C1-S8-B1.3-R1,FadD,123104.0
C1-S8-B1.3-R2,FadD,125883.0
C1-S8-B1.3-R3,FadD,124508.0
C1-S10-B1.3-R1,FadD,106078.0
C1-S10-B1.3-R2,FadD,102990.0
C1-S10-B1.3-R3,FadD,100254.0
C1-S13-B1.3-R1,FadD,198841.0
C1-S13-B1.3-R2,FadD,196947.0
C1-S13-B1.3-R3,FadD,208068.0
C1-S16-B1.3-R1,FadD,99672.0
C1-S16-B1.3-R2,FadD,94673.0
C1-S16-B1.3-R3,FadD,93288.0
C1-S18-B1.3-R1,FadD,303399.0
C1-S18-B1.3-R2,FadD,290265.0
C1-S18-B1.3-R3,FadD,309202.0
C1-S21-B1.3-R1,FadD,203935.0
C1-S21-B1.3-R2,FadD,201775.0
C1-S21-B1.3-R3,FadD,208120.0
C1-S23-B1.3-R1,FadD,405930.0
C1-S23-B1.3-R2,FadD,431874.0
C1-S23-B1.3-R3,FadD,420505.0
C1-S24-B1.3-R1,FadD,836569.0
C1-S24-B1.3-R2,FadD,911111.0
C1-S24-B1.3-R3,FadD,888582.0
C0-S9017-B1.3-R1,FadD,22016.0
C0-S9017-B1.3-R2,FadD,23955.0
C0-S9017-B1.3-R3,FadD,23428.0
C1-S11-B2.3-R1,FadD,135925.0
C1-S11-B2.3-R2,FadD,137966.0
C1-S11-B2.3-R3,FadD,135445.0
C1-S32-B2.3-R1,FadD,411963.0
C1-S32-B2.3-R2,FadD,411337.0
C1-S32-B2.3-R3,FadD,421784.0
C0-S9017-B2.3-R1,FadD,41253.0
C0-S9017-B2.3-R2,FadD,43644.0
C0-S9017-B2.3-R3,FadD,44733.0
C2-S10-B2.3-R1,FadD,97378.0
C2-S10-B2.3-R2,FadD,98642.0
C2-S10-B2.3-R3,FadD,95122.0
C2-S11-B2.3-R1,FadD,174649.0
C2-S11-B2.3-R2,FadD,154436.0
C2-S11-B2.3-R3,FadD,154485.0
C2-S15-B2.3-R1,FadD,113120.0
C2-S15-B2.3-R2,FadD,112906.0
C2-S15-B2.3-R3,FadD,109250.0
C2-S16-B2.3-R1,FadD,53887.0
C2-S16-B2.3-R2,FadD,50384.0
C2-S16-B2.3-R3,FadD,57026.0
C2-S17-B2.3-R1,FadD,33553.0
C2-S17-B2.3-R2,FadD,39194.0
C2-S17-B2.3-R3,FadD,40577.0
C2-S19-B2.3-R1,FadD,3380.0
C2-S19-B2.3-R2,FadD,2592.0
C2-S19-B2.3-R3,FadD,2532.0
C2-S20-B2.3-R1,FadD,677233.0
C2-S20-B2.3-R2,FadD,689653.0
C2-S20-B2.3-R3,FadD,660478.0
C2-S21-B2.3-R1,FadD,47889.0
C2-S21-B2.3-R2,FadD,41662.0
C2-S21-B2.3-R3,FadD,49461.0
C2-S22-B2.3-R1,FadD,11739.0
C2-S22-B2.3-R2,FadD,10798.0
C2-S22-B2.3-R3,FadD,11314.0
C2-S23-B2.3-R1,FadD,1962.0
C2-S23-B2.3-R2,FadD,906.0
C2-S23-B2.3-R3,FadD,1785.0
C2-S5-B2.3-R1,FadD,82467.0
C2-S5-B2.3-R2,FadD,85676.0
C2-S5-B2.3-R3,FadD,92348.0
C2-S7-B2.3-R1,FadD,153996.0
C2-S7-B2.3-R2,FadD,156265.0
C2-S7-B2.3-R3,FadD,159436.0
C2-S8-B2.3-R1,FadD,59017.0
C2-S8-B2.3-R2,FadD,55927.0
C2-S8-B2.3-R3,FadD,54802.0
C2-S1-B2.4-R1,FadD,217353.0
C2-S1-B2.4-R2,FadD,231424.0
C2-S1-B2.4-R3,FadD,235110.0
C2-S2-B2.4-R1,FadD,285965.0
C2-S2-B2.4-R2,FadD,294208.0
C2-S2-B2.4-R3,FadD,296409.0
C2-S4-B2.4-R1,FadD,247382.0
C2-S4-B2.4-R2,FadD,236865.0
C2-S4-B2.4-R3,FadD,251422.0
C1-S11-B2.4-R1,FadD,217404.0
C1-S11-B2.4-R2,FadD,219170.0
C1-S11-B2.4-R3,FadD,211659.0
C2-S11-B2.4-R1,FadD,269720.0
C2-S11-B2.4-R2,FadD,246862.0
C2-S11-B2.4-R3,FadD,229763.0
C2-S14-B2.4-R1,FadD,234896.0
C2-S14-B2.4-R2,FadD,201418.0
C2-S14-B2.4-R3,FadD,226752.0
C2-S24-B2.4-R1,FadD,1865.0
C2-S24-B2.4-R2,FadD,178.0
C2-S24-B2.4-R3,FadD,5650.0
C1-S32-B2.4-R1-delPoxB,FadD,503571.0
C1-S32-B2.4-R2-delPoxB,FadD,531396.0
C1-S32-B2.4-R3-delPoxB,FadD,490153.0
C1-S32-B2.4-R1-delPta,FadD,401072.0
C1-S32-B2.4-R2-delPta,FadD,373924.0
C1-S32-B2.4-R3-delPta,FadD,409379.0
C1-S32-B2.4-R1-delPtaelPoxB,FadD,106205.0
C1-S32-B2.4-R2-delPtaelPoxB,FadD,106337.0
C1-S32-B2.4-R3-delPtaelPoxB,FadD,107120.0
C0-S9017-B2.4-R1,FadD,43330.0
C0-S9017-B2.4-R2,FadD,43925.0
C0-S9017-B2.4-R3,FadD,45408.0
C2-S1-B2.5-R1-IPTG0.5,FadD,126425.0
C2-S1-B2.5-R2-IPTG0.5,FadD,116034.0
C2-S1-B2.5-R3-IPTG0.5,FadD,126423.0
C2-S1-B2.5-R1-IPTG1.0,FadD,124402.0
C2-S1-B2.5-R2-IPTG1.0,FadD,119281.0
C2-S1-B2.5-R3-IPTG1.0,FadD,128663.0
C2-S2-B2.5-R1-IPTG0.5,FadD,167943.0
C2-S2-B2.5-R2-IPTG0.5,FadD,152727.0
C2-S2-B2.5-R3-IPTG0.5,FadD,159938.0
C2-S2-B2.5-R1-IPTG1.0,FadD,159832.0
C2-S2-B2.5-R2-IPTG1.0,FadD,161812.0
C2-S2-B2.5-R3-IPTG1.0,FadD,162690.0
C2-S3-B2.5-R1,FadD,181131.0
C2-S3-B2.5-R2,FadD,179799.0
C2-S3-B2.5-R3,FadD,180935.0
C2-S3-B2.5-R1-IPTG0.5,FadD,170654.0
C2-S3-B2.5-R2-IPTG0.5,FadD,160253.0
C2-S3-B2.5-R3-IPTG0.5,FadD,168037.0
C2-S3-B2.5-R1-IPTG1.0,FadD,168049.0
C2-S3-B2.5-R2-IPTG1.0,FadD,166066.0
C2-S3-B2.5-R3-IPTG1.0,FadD,175714.0
C2-S4-B2.5-R1-IPTG0.5,FadD,136436.0
C2-S4-B2.5-R2-IPTG0.5,FadD,132344.0
C2-S4-B2.5-R3-IPTG0.5,FadD,134998.0
C2-S4-B2.5-R1-IPTG1.0,FadD,129527.0
C2-S4-B2.5-R2-IPTG1.0,FadD,131082.0
C2-S4-B2.5-R3-IPTG1.0,FadD,126337.0
C2-S7-B2.5-R1,FadD,162870.0
C2-S7-B2.5-R2,FadD,155765.0
C2-S7-B2.5-R3,FadD,163614.0
C2-S9-B2.5-R1,FadD,52969.0
C2-S9-B2.5-R2,FadD,50317.0
C2-S9-B2.5-R3,FadD,49690.0
C1-S11-B2.5-R1,FadD,157833.0
C1-S11-B2.5-R2,FadD,164543.0
C1-S11-B2.5-R3,FadD,161957.0
C1-S11-B2.5-R1-IPTG0.5,FadD,146235.0
C1-S11-B2.5-R2-IPTG0.5,FadD,123769.0
C1-S11-B2.5-R3-IPTG0.5,FadD,131872.0
C2-S18-B2.5-R1,FadD,118042.0
C2-S18-B2.5-R2,FadD,110866.0
C2-S18-B2.5-R3,FadD,112250.0
C0-S9017-B2.5-R1,FadD,24620.0
C0-S9017-B2.5-R2,FadD,23981.0
C0-S9017-B2.5-R3,FadD,26673.0
C1-S1-B1.1-R1,UcFatB1,131969.0
C1-S1-B1.1-R2,UcFatB1,155128.0
C1-S2-B1.1-R1,UcFatB1,123692.0
C1-S2-B1.1-R2,UcFatB1,161836.0
C1-S4-B1.1-R1,UcFatB1,114226.0
C1-S4-B1.1-R2,UcFatB1,117131.0
C1-S8-B1.1-R1,UcFatB1,113884.0
C1-S8-B1.1-R2,UcFatB1,107398.0
C1-S9-B1.1-R1,UcFatB1,136812.0
C1-S9-B1.1-R2,UcFatB1,142616.0
C1-S11-B1.1-R1,UcFatB1,73491.0
C1-S11-B1.1-R2,UcFatB1,76212.0
C1-S12-B1.1-R1,UcFatB1,76399.0
C1-S12-B1.1-R2,UcFatB1,77474.0
C1-S15-B1.1-R1,UcFatB1,59741.0
C1-S15-B1.1-R2,UcFatB1,83972.0
C1-S16-B1.1-R1,UcFatB1,105024.0
C1-S16-B1.1-R2,UcFatB1,73675.0
C1-S22-B1.1-R1,UcFatB1,300131.0
C1-S22-B1.1-R2,UcFatB1,291542.0
C0-S9017-B1.1-R1,UcFatB1,0.0
C0-S9017-B1.1-R2,UcFatB1,0.0
C1-S11-B1.2-R1,UcFatB1,61346.0
C1-S11-B1.2-R2,UcFatB1,69825.0
C1-S11-B1.2-R3,UcFatB1,67842.0
C1-S19-B1.2-R1,UcFatB1,73678.0
C1-S19-B1.2-R2,UcFatB1,73549.0
C1-S19-B1.2-R3,UcFatB1,72968.0
C1-S25-B1.2-R1,UcFatB1,81224.0
C1-S25-B1.2-R2,UcFatB1,90435.0
C1-S25-B1.2-R3,UcFatB1,90090.0
C1-S26-B1.2-R1,UcFatB1,97422.0
C1-S26-B1.2-R2,UcFatB1,93899.0
C1-S26-B1.2-R3,UcFatB1,92513.0
C1-S27-B1.2-R1,UcFatB1,118379.0
C1-S27-B1.2-R2,UcFatB1,116824.0
C1-S27-B1.2-R3,UcFatB1,125219.0
C1-S28-B1.2-R1,UcFatB1,86256.0
C1-S28-B1.2-R2,UcFatB1,81770.0
C1-S28-B1.2-R3,UcFatB1,86045.0
C1-S29-B1.2-R1,UcFatB1,97741.0
C1-S29-B1.2-R2,UcFatB1,98703.0
C1-S29-B1.2-R3,UcFatB1,100982.0
C1-S30-B1.2-R1,UcFatB1,129051.0
C1-S30-B1.2-R2,UcFatB1,127434.0
C1-S30-B1.2-R3,UcFatB1,128552.0
C1-S31-B1.2-R1,UcFatB1,188519.0
C1-S31-B1.2-R2,UcFatB1,180955.0
C1-S31-B1.2-R3,UcFatB1,184261.0
C1-S32-B1.2-R1,UcFatB1,163592.0
C1-S32-B1.2-R2,UcFatB1,163693.0
C1-S32-B1.2-R3,UcFatB1,157030.0
C1-S33-B1.2-R1,UcFatB1,156275.0
C1-S33-B1.2-R2,UcFatB1,148812.0
C1-S33-B1.2-R3,UcFatB1,158485.0
C1-S34-B1.2-R1,UcFatB1,168689.0
C1-S34-B1.2-R2,UcFatB1,162770.0
C1-S34-B1.2-R3,UcFatB1,167169.0
C1-S35-B1.2-R1,UcFatB1,358515.0
C1-S35-B1.2-R2,UcFatB1,353444.0
C1-S35-B1.2-R3,UcFatB1,355554.0
C1-S36-B1.2-R1,UcFatB1,232136.0
C1-S36-B1.2-R2,UcFatB1,232557.0
C1-S36-B1.2-R3,UcFatB1,227259.0
C0-S9017-B1.2-R1,UcFatB1,0.0
C0-S9017-B1.2-R2,UcFatB1,0.0
C0-S9017-B1.2-R3,UcFatB1,0.0
C1-S1-B1.3-R1,UcFatB1,142442.0
C1-S1-B1.3-R2,UcFatB1,137559.0
C1-S1-B1.3-R3,UcFatB1,140317.0
C1-S2-B1.3-R1,UcFatB1,139410.0
C1-S2-B1.3-R2,UcFatB1,147915.0
C1-S2-B1.3-R3,UcFatB1,153000.0
C1-S3-B1.3-R1,UcFatB1,125322.0
C1-S3-B1.3-R2,UcFatB1,131057.0
C1-S3-B1.3-R3,UcFatB1,125472.0
C1-S5-B1.3-R1,UcFatB1,107258.0
C1-S5-B1.3-R2,UcFatB1,109847.0
C1-S5-B1.3-R3,UcFatB1,107696.0
C1-S6-B1.3-R1,UcFatB1,50149.0
C1-S6-B1.3-R2,UcFatB1,53004.0
C1-S6-B1.3-R3,UcFatB1,53533.0
C1-S7-B1.3-R1,UcFatB1,103613.0
C1-S7-B1.3-R2,UcFatB1,101283.0
C1-S7-B1.3-R3,UcFatB1,103892.0
C1-S8-B1.3-R1,UcFatB1,105707.0
C1-S8-B1.3-R2,UcFatB1,107000.0
C1-S8-B1.3-R3,UcFatB1,104239.0
C1-S10-B1.3-R1,UcFatB1,77657.0
C1-S10-B1.3-R2,UcFatB1,74213.0
C1-S10-B1.3-R3,UcFatB1,74197.0
C1-S13-B1.3-R1,UcFatB1,210505.0
C1-S13-B1.3-R2,UcFatB1,218624.0
C1-S13-B1.3-R3,UcFatB1,216250.0
C1-S16-B1.3-R1,UcFatB1,98067.0
C1-S16-B1.3-R2,UcFatB1,98633.0
C1-S16-B1.3-R3,UcFatB1,105837.0
C1-S18-B1.3-R1,UcFatB1,91015.0
C1-S18-B1.3-R2,UcFatB1,87990.0
C1-S18-B1.3-R3,UcFatB1,88388.0
C1-S21-B1.3-R1,UcFatB1,236836.0
C1-S21-B1.3-R2,UcFatB1,262033.0
C1-S21-B1.3-R3,UcFatB1,255132.0
C1-S23-B1.3-R1,UcFatB1,230019.0
C1-S23-B1.3-R2,UcFatB1,230643.0
C1-S23-B1.3-R3,UcFatB1,229566.0
C1-S24-B1.3-R1,UcFatB1,264403.0
C1-S24-B1.3-R2,UcFatB1,267447.0
C1-S24-B1.3-R3,UcFatB1,280447.0
C0-S9017-B1.3-R1,UcFatB1,0.0
C0-S9017-B1.3-R2,UcFatB1,0.0
C0-S9017-B1.3-R3,UcFatB1,0.0
C1-S11-B2.3-R1,UcFatB1,81518.0
C1-S11-B2.3-R2,UcFatB1,80815.0
C1-S11-B2.3-R3,UcFatB1,83388.0
C1-S32-B2.3-R1,UcFatB1,226535.0
C1-S32-B2.3-R2,UcFatB1,234689.0
C1-S32-B2.3-R3,UcFatB1,236430.0
C0-S9017-B2.3-R1,UcFatB1,547.0
C0-S9017-B2.3-R2,UcFatB1,14880.0
C0-S9017-B2.3-R3,UcFatB1,0.0
C2-S10-B2.3-R1,UcFatB1,83055.0
C2-S10-B2.3-R2,UcFatB1,81822.0
C2-S10-B2.3-R3,UcFatB1,88422.0
C2-S11-B2.3-R1,UcFatB1,162636.0
C2-S11-B2.3-R2,UcFatB1,183474.0
C2-S11-B2.3-R3,UcFatB1,178113.0
C2-S15-B2.3-R1,UcFatB1,137849.0
C2-S15-B2.3-R2,UcFatB1,141282.0
C2-S15-B2.3-R3,UcFatB1,145986.0
C2-S16-B2.3-R1,UcFatB1,128698.0
C2-S16-B2.3-R2,UcFatB1,117775.0
C2-S16-B2.3-R3,UcFatB1,124320.0
C2-S17-B2.3-R1,UcFatB1,129741.0
C2-S17-B2.3-R2,UcFatB1,145453.0
C2-S17-B2.3-R3,UcFatB1,148249.0
C2-S19-B2.3-R1,UcFatB1,114318.0
C2-S19-B2.3-R2,UcFatB1,112921.0
C2-S19-B2.3-R3,UcFatB1,112486.0
C2-S20-B2.3-R1,UcFatB1,261506.0
C2-S20-B2.3-R2,UcFatB1,262631.0
C2-S20-B2.3-R3,UcFatB1,269566.0
C2-S21-B2.3-R1,UcFatB1,59855.0
C2-S21-B2.3-R2,UcFatB1,49064.0
C2-S21-B2.3-R3,UcFatB1,64696.0
C2-S22-B2.3-R1,UcFatB1,45913.0
C2-S22-B2.3-R2,UcFatB1,45441.0
C2-S22-B2.3-R3,UcFatB1,43247.0
C2-S23-B2.3-R1,UcFatB1,50771.0
C2-S23-B2.3-R2,UcFatB1,48390.0
C2-S23-B2.3-R3,UcFatB1,53796.0
C2-S5-B2.3-R1,UcFatB1,157963.0
C2-S5-B2.3-R2,UcFatB1,169402.0
C2-S5-B2.3-R3,UcFatB1,174537.0
C2-S7-B2.3-R1,UcFatB1,126561.0
C2-S7-B2.3-R2,UcFatB1,134496.0
C2-S7-B2.3-R3,UcFatB1,129435.0
C2-S8-B2.3-R1,UcFatB1,159594.0
C2-S8-B2.3-R2,UcFatB1,158787.0
C2-S8-B2.3-R3,UcFatB1,149067.0
C2-S1-B2.4-R1,UcFatB1,175485.0
C2-S1-B2.4-R2,UcFatB1,194337.0
C2-S1-B2.4-R3,UcFatB1,189740.0
C2-S2-B2.4-R1,UcFatB1,22397.0
C2-S2-B2.4-R2,UcFatB1,25199.0
C2-S2-B2.4-R3,UcFatB1,17736.0
C2-S4-B2.4-R1,UcFatB1,280000.0
C2-S4-B2.4-R2,UcFatB1,272740.0
C2-S4-B2.4-R3,UcFatB1,303288.0
C1-S11-B2.4-R1,UcFatB1,105854.0
C1-S11-B2.4-R2,UcFatB1,116151.0
C1-S11-B2.4-R3,UcFatB1,117200.0
C2-S11-B2.4-R1,UcFatB1,250711.0
C2-S11-B2.4-R2,UcFatB1,228708.0
C2-S11-B2.4-R3,UcFatB1,213330.0
C2-S14-B2.4-R1,UcFatB1,159139.0
C2-S14-B2.4-R2,UcFatB1,156355.0
C2-S14-B2.4-R3,UcFatB1,159985.0
C2-S24-B2.4-R1,UcFatB1,43929.0
C2-S24-B2.4-R2,UcFatB1,47381.0
C2-S24-B2.4-R3,UcFatB1,42775.0
C1-S32-B2.4-R1-delPoxB,UcFatB1,259008.0
C1-S32-B2.4-R2-delPoxB,UcFatB1,267757.0
C1-S32-B2.4-R3-delPoxB,UcFatB1,240460.0
C1-S32-B2.4-R1-delPta,UcFatB1,213722.0
C1-S32-B2.4-R2-delPta,UcFatB1,231933.0
C1-S32-B2.4-R3-delPta,UcFatB1,231705.0
C1-S32-B2.4-R1-delPtaelPoxB,UcFatB1,71956.0
C1-S32-B2.4-R2-delPtaelPoxB,UcFatB1,77368.0
C1-S32-B2.4-R3-delPtaelPoxB,UcFatB1,71803.0
C0-S9017-B2.4-R1,UcFatB1,0.0
C0-S9017-B2.4-R2,UcFatB1,0.0
C0-S9017-B2.4-R3,UcFatB1,0.0
C2-S1-B2.5-R1-IPTG0.5,UcFatB1,98099.0
C2-S1-B2.5-R2-IPTG0.5,UcFatB1,101637.0
C2-S1-B2.5-R3-IPTG0.5,UcFatB1,100199.0
C2-S1-B2.5-R1-IPTG1.0,UcFatB1,98669.0
C2-S1-B2.5-R2-IPTG1.0,UcFatB1,83206.0
C2-S1-B2.5-R3-IPTG1.0,UcFatB1,101191.0
C2-S2-B2.5-R1-IPTG0.5,UcFatB1,11995.0
C2-S2-B2.5-R2-IPTG0.5,UcFatB1,11225.0
C2-S2-B2.5-R3-IPTG0.5,UcFatB1,14056.0
C2-S2-B2.5-R1-IPTG1.0,UcFatB1,13776.0
C2-S2-B2.5-R2-IPTG1.0,UcFatB1,14494.0
C2-S2-B2.5-R3-IPTG1.0,UcFatB1,12438.0
C2-S3-B2.5-R1,UcFatB1,7492.0
C2-S3-B2.5-R2,UcFatB1,8059.0
C2-S3-B2.5-R3,UcFatB1,8965.0
C2-S3-B2.5-R1-IPTG0.5,UcFatB1,5744.0
C2-S3-B2.5-R2-IPTG0.5,UcFatB1,3855.0
C2-S3-B2.5-R3-IPTG0.5,UcFatB1,872.0
C2-S3-B2.5-R1-IPTG1.0,UcFatB1,469.0
C2-S3-B2.5-R2-IPTG1.0,UcFatB1,5676.0
C2-S3-B2.5-R3-IPTG1.0,UcFatB1,9722.0
C2-S4-B2.5-R1-IPTG0.5,UcFatB1,137348.0
C2-S4-B2.5-R2-IPTG0.5,UcFatB1,144136.0
C2-S4-B2.5-R3-IPTG0.5,UcFatB1,155000.0
C2-S4-B2.5-R1-IPTG1.0,UcFatB1,127702.0
C2-S4-B2.5-R2-IPTG1.0,UcFatB1,131222.0
C2-S4-B2.5-R3-IPTG1.0,UcFatB1,134397.0
C2-S7-B2.5-R1,UcFatB1,105572.0
C2-S7-B2.5-R2,UcFatB1,106636.0
C2-S7-B2.5-R3,UcFatB1,117044.0
C2-S9-B2.5-R1,UcFatB1,182190.0
C2-S9-B2.5-R2,UcFatB1,183177.0
C2-S9-B2.5-R3,UcFatB1,182669.0
C1-S11-B2.5-R1,UcFatB1,67305.0
C1-S11-B2.5-R2,UcFatB1,66426.0
C1-S11-B2.5-R3,UcFatB1,77725.0
C1-S11-B2.5-R1-IPTG0.5,UcFatB1,73874.0
C1-S11-B2.5-R2-IPTG0.5,UcFatB1,68796.0
C1-S11-B2.5-R3-IPTG0.5,UcFatB1,67059.0
C2-S18-B2.5-R1,UcFatB1,139074.0
C2-S18-B2.5-R2,UcFatB1,134005.0
C2-S18-B2.5-R3,UcFatB1,139871.0
C0-S9017-B2.5-R1,UcFatB1,401.0
C0-S9017-B2.5-R2,UcFatB1,0.0
C0-S9017-B2.5-R3,UcFatB1,1299.0
C1-S1-B1.1-R1,Acr1,0.0
C1-S1-B1.1-R2,Acr1,0.0
C1-S2-B1.1-R1,Acr1,396.0
C1-S2-B1.1-R2,Acr1,0.0
C1-S4-B1.1-R1,Acr1,0.0
C1-S4-B1.1-R2,Acr1,1352.0
C1-S8-B1.1-R1,Acr1,0.0
C1-S8-B1.1-R2,Acr1,0.0
C1-S9-B1.1-R1,Acr1,0.0
C1-S9-B1.1-R2,Acr1,0.0
C1-S11-B1.1-R1,Acr1,0.0
C1-S11-B1.1-R2,Acr1,0.0
C1-S12-B1.1-R1,Acr1,0.0
C1-S12-B1.1-R2,Acr1,0.0
C1-S15-B1.1-R1,Acr1,0.0
C1-S15-B1.1-R2,Acr1,0.0
C1-S16-B1.1-R1,Acr1,0.0
C1-S16-B1.1-R2,Acr1,0.0
C1-S22-B1.1-R1,Acr1,44506.0
C1-S22-B1.1-R2,Acr1,37032.0
C0-S9017-B1.1-R1,Acr1,0.0
C0-S9017-B1.1-R2,Acr1,0.0
C1-S11-B1.2-R1,Acr1,0.0
C1-S11-B1.2-R2,Acr1,0.0
C1-S11-B1.2-R3,Acr1,0.0
C1-S19-B1.2-R1,Acr1,1117.0
C1-S19-B1.2-R2,Acr1,1577.0
C1-S19-B1.2-R3,Acr1,0.0
C1-S25-B1.2-R1,Acr1,8806.0
C1-S25-B1.2-R2,Acr1,10664.0
C1-S25-B1.2-R3,Acr1,9914.0
C1-S26-B1.2-R1,Acr1,16566.0
C1-S26-B1.2-R2,Acr1,17555.0
C1-S26-B1.2-R3,Acr1,13988.0
C1-S27-B1.2-R1,Acr1,29147.0
C1-S27-B1.2-R2,Acr1,27812.0
C1-S27-B1.2-R3,Acr1,31060.0
C1-S28-B1.2-R1,Acr1,16367.0
C1-S28-B1.2-R2,Acr1,14153.0
C1-S28-B1.2-R3,Acr1,18380.0
C1-S29-B1.2-R1,Acr1,29795.0
C1-S29-B1.2-R2,Acr1,29473.0
C1-S29-B1.2-R3,Acr1,25177.0
C1-S30-B1.2-R1,Acr1,40708.0
C1-S30-B1.2-R2,Acr1,43504.0
C1-S30-B1.2-R3,Acr1,43431.0
C1-S31-B1.2-R1,Acr1,0.0
C1-S31-B1.2-R2,Acr1,0.0
C1-S31-B1.2-R3,Acr1,1200.0
C1-S32-B1.2-R1,Acr1,0.0
C1-S32-B1.2-R2,Acr1,542.0
C1-S32-B1.2-R3,Acr1,0.0
C1-S33-B1.2-R1,Acr1,656.0
C1-S33-B1.2-R2,Acr1,0.0
C1-S33-B1.2-R3,Acr1,656.0
C1-S34-B1.2-R1,Acr1,583.0
C1-S34-B1.2-R2,Acr1,0.0
C1-S34-B1.2-R3,Acr1,1434.0
C1-S35-B1.2-R1,Acr1,66959.0
C1-S35-B1.2-R2,Acr1,74997.0
C1-S35-B1.2-R3,Acr1,73712.0
C1-S36-B1.2-R1,Acr1,38176.0
C1-S36-B1.2-R2,Acr1,37862.0
C1-S36-B1.2-R3,Acr1,43433.0
C0-S9017-B1.2-R1,Acr1,0.0
C0-S9017-B1.2-R2,Acr1,0.0
C0-S9017-B1.2-R3,Acr1,0.0
C1-S1-B1.3-R1,Acr1,0.0
C1-S1-B1.3-R2,Acr1,579.0
C1-S1-B1.3-R3,Acr1,2727.0
C1-S2-B1.3-R1,Acr1,0.0
C1-S2-B1.3-R2,Acr1,0.0
C1-S2-B1.3-R3,Acr1,0.0
C1-S3-B1.3-R1,Acr1,0.0
C1-S3-B1.3-R2,Acr1,0.0
C1-S3-B1.3-R3,Acr1,242.0
C1-S5-B1.3-R1,Acr1,0.0
C1-S5-B1.3-R2,Acr1,0.0
C1-S5-B1.3-R3,Acr1,0.0
C1-S6-B1.3-R1,Acr1,588.0
C1-S6-B1.3-R2,Acr1,0.0
C1-S6-B1.3-R3,Acr1,881.0
C1-S7-B1.3-R1,Acr1,702.0
C1-S7-B1.3-R2,Acr1,0.0
C1-S7-B1.3-R3,Acr1,249.0
C1-S8-B1.3-R1,Acr1,0.0
C1-S8-B1.3-R2,Acr1,814.0
C1-S8-B1.3-R3,Acr1,0.0
C1-S10-B1.3-R1,Acr1,644.0
C1-S10-B1.3-R2,Acr1,610.0
C1-S10-B1.3-R3,Acr1,0.0
C1-S13-B1.3-R1,Acr1,0.0
C1-S13-B1.3-R2,Acr1,0.0
C1-S13-B1.3-R3,Acr1,0.0
C1-S16-B1.3-R1,Acr1,0.0
C1-S16-B1.3-R2,Acr1,452.0
C1-S16-B1.3-R3,Acr1,0.0
C1-S18-B1.3-R1,Acr1,0.0
C1-S18-B1.3-R2,Acr1,0.0
C1-S18-B1.3-R3,Acr1,0.0
C1-S21-B1.3-R1,Acr1,13405.0
C1-S21-B1.3-R2,Acr1,14472.0
C1-S21-B1.3-R3,Acr1,15854.0
C1-S23-B1.3-R1,Acr1,35029.0
C1-S23-B1.3-R2,Acr1,38909.0
C1-S23-B1.3-R3,Acr1,35462.0
C1-S24-B1.3-R1,Acr1,49490.0
C1-S24-B1.3-R2,Acr1,57310.0
C1-S24-B1.3-R3,Acr1,58137.0
C0-S9017-B1.3-R1,Acr1,0.0
C0-S9017-B1.3-R2,Acr1,0.0
C0-S9017-B1.3-R3,Acr1,0.0
C1-S11-B2.3-R1,Acr1,475.0
C1-S11-B2.3-R2,Acr1,538.0
C1-S11-B2.3-R3,Acr1,1831.0
C1-S32-B2.3-R1,Acr1,2473.0
C1-S32-B2.3-R2,Acr1,0.0
C1-S32-B2.3-R3,Acr1,0.0
C0-S9017-B2.3-R1,Acr1,1828.0
C0-S9017-B2.3-R2,Acr1,2583.0
C0-S9017-B2.3-R3,Acr1,1676.0
C2-S10-B2.3-R1,Acr1,1317.0
C2-S10-B2.3-R2,Acr1,2582.0
C2-S10-B2.3-R3,Acr1,1221.0
C2-S11-B2.3-R1,Acr1,1668.0
C2-S11-B2.3-R2,Acr1,1337.0
C2-S11-B2.3-R3,Acr1,1434.0
C2-S15-B2.3-R1,Acr1,803.0
C2-S15-B2.3-R2,Acr1,1960.0
C2-S15-B2.3-R3,Acr1,1080.0
C2-S16-B2.3-R1,Acr1,1914.0
C2-S16-B2.3-R2,Acr1,2825.0
C2-S16-B2.3-R3,Acr1,1386.0
C2-S17-B2.3-R1,Acr1,2766.0
C2-S17-B2.3-R2,Acr1,3252.0
C2-S17-B2.3-R3,Acr1,2473.0
C2-S19-B2.3-R1,Acr1,651.0
C2-S19-B2.3-R2,Acr1,2163.0
C2-S19-B2.3-R3,Acr1,0.0
C2-S20-B2.3-R1,Acr1,2060.0
C2-S20-B2.3-R2,Acr1,2144.0
C2-S20-B2.3-R3,Acr1,4529.0
C2-S21-B2.3-R1,Acr1,3673.0
C2-S21-B2.3-R2,Acr1,3520.0
C2-S21-B2.3-R3,Acr1,4597.0
C2-S22-B2.3-R1,Acr1,3377.0
C2-S22-B2.3-R2,Acr1,1605.0
C2-S22-B2.3-R3,Acr1,0.0
C2-S23-B2.3-R1,Acr1,1835.0
C2-S23-B2.3-R2,Acr1,3608.0
C2-S23-B2.3-R3,Acr1,2530.0
C2-S5-B2.3-R1,Acr1,0.0
C2-S5-B2.3-R2,Acr1,0.0
C2-S5-B2.3-R3,Acr1,2607.0
C2-S7-B2.3-R1,Acr1,873.0
C2-S7-B2.3-R2,Acr1,913.0
C2-S7-B2.3-R3,Acr1,0.0
C2-S8-B2.3-R1,Acr1,3173.0
C2-S8-B2.3-R2,Acr1,0.0
C2-S8-B2.3-R3,Acr1,4400.0
C2-S1-B2.4-R1,Acr1,0.0
C2-S1-B2.4-R2,Acr1,0.0
C2-S1-B2.4-R3,Acr1,0.0
C2-S2-B2.4-R1,Acr1,0.0
C2-S2-B2.4-R2,Acr1,887.0
C2-S2-B2.4-R3,Acr1,1135.0
C2-S4-B2.4-R1,Acr1,0.0
C2-S4-B2.4-R2,Acr1,2353.0
C2-S4-B2.4-R3,Acr1,0.0
C1-S11-B2.4-R1,Acr1,0.0
C1-S11-B2.4-R2,Acr1,0.0
C1-S11-B2.4-R3,Acr1,632.0
C2-S11-B2.4-R1,Acr1,1224.0
C2-S11-B2.4-R2,Acr1,0.0
C2-S11-B2.4-R3,Acr1,0.0
C2-S14-B2.4-R1,Acr1,0.0
C2-S14-B2.4-R2,Acr1,0.0
C2-S14-B2.4-R3,Acr1,0.0
C2-S24-B2.4-R1,Acr1,0.0
C2-S24-B2.4-R2,Acr1,795.0
C2-S24-B2.4-R3,Acr1,1574.0
C1-S32-B2.4-R1-delPoxB,Acr1,955.0
C1-S32-B2.4-R2-delPoxB,Acr1,0.0
C1-S32-B2.4-R3-delPoxB,Acr1,1891.0
C1-S32-B2.4-R1-delPta,Acr1,1510.0
C1-S32-B2.4-R2-delPta,Acr1,896.0
C1-S32-B2.4-R3-delPta,Acr1,1272.0
C1-S32-B2.4-R1-delPtaelPoxB,Acr1,0.0
C1-S32-B2.4-R2-delPtaelPoxB,Acr1,1981.0
C1-S32-B2.4-R3-delPtaelPoxB,Acr1,1326.0
C0-S9017-B2.4-R1,Acr1,0.0
C0-S9017-B2.4-R2,Acr1,2056.0
C0-S9017-B2.4-R3,Acr1,1973.0
C2-S1-B2.5-R1-IPTG0.5,Acr1,2281.0
C2-S1-B2.5-R2-IPTG0.5,Acr1,0.0
C2-S1-B2.5-R3-IPTG0.5,Acr1,0.0
C2-S1-B2.5-R1-IPTG1.0,Acr1,0.0
C2-S1-B2.5-R2-IPTG1.0,Acr1,0.0
C2-S1-B2.5-R3-IPTG1.0,Acr1,0.0
C2-S2-B2.5-R1-IPTG0.5,Acr1,0.0
C2-S2-B2.5-R2-IPTG0.5,Acr1,0.0
C2-S2-B2.5-R3-IPTG0.5,Acr1,0.0
C2-S2-B2.5-R1-IPTG1.0,Acr1,0.0
C2-S2-B2.5-R2-IPTG1.0,Acr1,377.0
C2-S2-B2.5-R3-IPTG1.0,Acr1,0.0
C2-S3-B2.5-R1,Acr1,0.0
C2-S3-B2.5-R2,Acr1,0.0
C2-S3-B2.5-R3,Acr1,0.0
C2-S3-B2.5-R1-IPTG0.5,Acr1,0.0
C2-S3-B2.5-R2-IPTG0.5,Acr1,0.0
C2-S3-B2.5-R3-IPTG0.5,Acr1,0.0
C2-S3-B2.5-R1-IPTG1.0,Acr1,0.0
C2-S3-B2.5-R2-IPTG1.0,Acr1,0.0
C2-S3-B2.5-R3-IPTG1.0,Acr1,0.0
C2-S4-B2.5-R1-IPTG0.5,Acr1,973.0
C2-S4-B2.5-R2-IPTG0.5,Acr1,0.0
C2-S4-B2.5-R3-IPTG0.5,Acr1,0.0
C2-S4-B2.5-R1-IPTG1.0,Acr1,2982.0
C2-S4-B2.5-R2-IPTG1.0,Acr1,366.0
C2-S4-B2.5-R3-IPTG1.0,Acr1,2269.0
C2-S7-B2.5-R1,Acr1,2162.0
C2-S7-B2.5-R2,Acr1,0.0
C2-S7-B2.5-R3,Acr1,0.0
C2-S9-B2.5-R1,Acr1,1646.0
C2-S9-B2.5-R2,Acr1,1038.0
C2-S9-B2.5-R3,Acr1,0.0
C1-S11-B2.5-R1,Acr1,1681.0
C1-S11-B2.5-R2,Acr1,1479.0
C1-S11-B2.5-R3,Acr1,1848.0
C1-S11-B2.5-R1-IPTG0.5,Acr1,1461.0
C1-S11-B2.5-R2-IPTG0.5,Acr1,1078.0
C1-S11-B2.5-R3-IPTG0.5,Acr1,0.0
C2-S18-B2.5-R1,Acr1,0.0
C2-S18-B2.5-R2,Acr1,1337.0
C2-S18-B2.5-R3,Acr1,0.0
C0-S9017-B2.5-R1,Acr1,2049.0
C0-S9017-B2.5-R2,Acr1,0.0
C0-S9017-B2.5-R3,Acr1,1514.0
C1-S1-B1.1-R1,Maqu_2220,1800.0
C1-S1-B1.1-R2,Maqu_2220,0.0
C1-S2-B1.1-R1,Maqu_2220,0.0
C1-S2-B1.1-R2,Maqu_2220,1744.0
C1-S4-B1.1-R1,Maqu_2220,1862.0
C1-S4-B1.1-R2,Maqu_2220,0.0
C1-S8-B1.1-R1,Maqu_2220,0.0
C1-S8-B1.1-R2,Maqu_2220,0.0
C1-S9-B1.1-R1,Maqu_2220,8828.0
C1-S9-B1.1-R2,Maqu_2220,0.0
C1-S11-B1.1-R1,Maqu_2220,0.0
C1-S11-B1.1-R2,Maqu_2220,0.0
C1-S12-B1.1-R1,Maqu_2220,352.0
C1-S12-B1.1-R2,Maqu_2220,0.0
C1-S15-B1.1-R1,Maqu_2220,8372.0
C1-S15-B1.1-R2,Maqu_2220,10438.0
C1-S16-B1.1-R1,Maqu_2220,21091.0
C1-S16-B1.1-R2,Maqu_2220,8954.0
C1-S22-B1.1-R1,Maqu_2220,2045.0
C1-S22-B1.1-R2,Maqu_2220,2344.0
C0-S9017-B1.1-R1,Maqu_2220,25770.0
C0-S9017-B1.1-R2,Maqu_2220,21323.0
C1-S11-B1.2-R1,Maqu_2220,1149.0
C1-S11-B1.2-R2,Maqu_2220,3377.0
C1-S11-B1.2-R3,Maqu_2220,0.0
C1-S19-B1.2-R1,Maqu_2220,192296.0
C1-S19-B1.2-R2,Maqu_2220,171189.0
C1-S19-B1.2-R3,Maqu_2220,151364.0
C1-S25-B1.2-R1,Maqu_2220,0.0
C1-S25-B1.2-R2,Maqu_2220,0.0
C1-S25-B1.2-R3,Maqu_2220,2224.0
C1-S26-B1.2-R1,Maqu_2220,9672.0
C1-S26-B1.2-R2,Maqu_2220,7043.0
C1-S26-B1.2-R3,Maqu_2220,0.0
C1-S27-B1.2-R1,Maqu_2220,7317.0
C1-S27-B1.2-R2,Maqu_2220,0.0
C1-S27-B1.2-R3,Maqu_2220,804.0
C1-S28-B1.2-R1,Maqu_2220,3320.0
C1-S28-B1.2-R2,Maqu_2220,0.0
C1-S28-B1.2-R3,Maqu_2220,3074.0
C1-S29-B1.2-R1,Maqu_2220,833.0
C1-S29-B1.2-R2,Maqu_2220,5716.0
C1-S29-B1.2-R3,Maqu_2220,812.0
C1-S30-B1.2-R1,Maqu_2220,0.0
C1-S30-B1.2-R2,Maqu_2220,2877.0
C1-S30-B1.2-R3,Maqu_2220,7486.0
C1-S31-B1.2-R1,Maqu_2220,2850.0
C1-S31-B1.2-R2,Maqu_2220,3875.0
C1-S31-B1.2-R3,Maqu_2220,1455.0
C1-S32-B1.2-R1,Maqu_2220,353284.0
C1-S32-B1.2-R2,Maqu_2220,353541.0
C1-S32-B1.2-R3,Maqu_2220,369664.0
C1-S33-B1.2-R1,Maqu_2220,255153.0
C1-S33-B1.2-R2,Maqu_2220,239988.0
C1-S33-B1.2-R3,Maqu_2220,241808.0
C1-S34-B1.2-R1,Maqu_2220,23320.0
C1-S34-B1.2-R2,Maqu_2220,24299.0
C1-S34-B1.2-R3,Maqu_2220,26490.0
C1-S35-B1.2-R1,Maqu_2220,3086.0
C1-S35-B1.2-R2,Maqu_2220,2882.0
C1-S35-B1.2-R3,Maqu_2220,3102.0
C1-S36-B1.2-R1,Maqu_2220,0.0
C1-S36-B1.2-R2,Maqu_2220,0.0
C1-S36-B1.2-R3,Maqu_2220,0.0
C0-S9017-B1.2-R1,Maqu_2220,1070799.0
C0-S9017-B1.2-R2,Maqu_2220,1178613.0
C0-S9017-B1.2-R3,Maqu_2220,1123316.0
C1-S1-B1.3-R1,Maqu_2220,1099.0
C1-S1-B1.3-R2,Maqu_2220,1965.0
C1-S1-B1.3-R3,Maqu_2220,2138.0
C1-S2-B1.3-R1,Maqu_2220,0.0
C1-S2-B1.3-R2,Maqu_2220,0.0
C1-S2-B1.3-R3,Maqu_2220,588.0
C1-S3-B1.3-R1,Maqu_2220,2892.0
C1-S3-B1.3-R2,Maqu_2220,0.0
C1-S3-B1.3-R3,Maqu_2220,0.0
C1-S5-B1.3-R1,Maqu_2220,0.0
C1-S5-B1.3-R2,Maqu_2220,0.0
C1-S5-B1.3-R3,Maqu_2220,0.0
C1-S6-B1.3-R1,Maqu_2220,0.0
C1-S6-B1.3-R2,Maqu_2220,424.0
C1-S6-B1.3-R3,Maqu_2220,0.0
C1-S7-B1.3-R1,Maqu_2220,3274.0
C1-S7-B1.3-R2,Maqu_2220,923.0
C1-S7-B1.3-R3,Maqu_2220,0.0
C1-S8-B1.3-R1,Maqu_2220,0.0
C1-S8-B1.3-R2,Maqu_2220,512.0
C1-S8-B1.3-R3,Maqu_2220,0.0
C1-S10-B1.3-R1,Maqu_2220,736.0
C1-S10-B1.3-R2,Maqu_2220,376.0
C1-S10-B1.3-R3,Maqu_2220,0.0
C1-S13-B1.3-R1,Maqu_2220,12448.0
C1-S13-B1.3-R2,Maqu_2220,12835.0
C1-S13-B1.3-R3,Maqu_2220,10366.0
C1-S16-B1.3-R1,Maqu_2220,4053.0
C1-S16-B1.3-R2,Maqu_2220,3475.0
C1-S16-B1.3-R3,Maqu_2220,9574.0
C1-S18-B1.3-R1,Maqu_2220,215377.0
C1-S18-B1.3-R2,Maqu_2220,203658.0
C1-S18-B1.3-R3,Maqu_2220,172397.0
C1-S21-B1.3-R1,Maqu_2220,1655.0
C1-S21-B1.3-R2,Maqu_2220,0.0
C1-S21-B1.3-R3,Maqu_2220,942.0
C1-S23-B1.3-R1,Maqu_2220,0.0
C1-S23-B1.3-R2,Maqu_2220,1876.0
C1-S23-B1.3-R3,Maqu_2220,1938.0
C1-S24-B1.3-R1,Maqu_2220,0.0
C1-S24-B1.3-R2,Maqu_2220,617.0
C1-S24-B1.3-R3,Maqu_2220,3946.0
C0-S9017-B1.3-R1,Maqu_2220,867923.0
C0-S9017-B1.3-R2,Maqu_2220,849827.0
C0-S9017-B1.3-R3,Maqu_2220,826175.0
C1-S11-B2.3-R1,Maqu_2220,6237.0
C1-S11-B2.3-R2,Maqu_2220,0.0
C1-S11-B2.3-R3,Maqu_2220,6175.0
C1-S32-B2.3-R1,Maqu_2220,411909.0
C1-S32-B2.3-R2,Maqu_2220,417881.0
C1-S32-B2.3-R3,Maqu_2220,417006.0
C0-S9017-B2.3-R1,Maqu_2220,1264025.0
C0-S9017-B2.3-R2,Maqu_2220,1151913.0
C0-S9017-B2.3-R3,Maqu_2220,1370618.0
C2-S10-B2.3-R1,Maqu_2220,1789.0
C2-S10-B2.3-R2,Maqu_2220,936.0
C2-S10-B2.3-R3,Maqu_2220,655.0
C2-S11-B2.3-R1,Maqu_2220,0.0
C2-S11-B2.3-R2,Maqu_2220,0.0
C2-S11-B2.3-R3,Maqu_2220,894.0
C2-S15-B2.3-R1,Maqu_2220,143854.0
C2-S15-B2.3-R2,Maqu_2220,140824.0
C2-S15-B2.3-R3,Maqu_2220,146146.0
C2-S16-B2.3-R1,Maqu_2220,145263.0
C2-S16-B2.3-R2,Maqu_2220,135221.0
C2-S16-B2.3-R3,Maqu_2220,132103.0
C2-S17-B2.3-R1,Maqu_2220,160903.0
C2-S17-B2.3-R2,Maqu_2220,186287.0
C2-S17-B2.3-R3,Maqu_2220,163056.0
C2-S19-B2.3-R1,Maqu_2220,140726.0
C2-S19-B2.3-R2,Maqu_2220,131983.0
C2-S19-B2.3-R3,Maqu_2220,126356.0
C2-S20-B2.3-R1,Maqu_2220,389797.0
C2-S20-B2.3-R2,Maqu_2220,371748.0
C2-S20-B2.3-R3,Maqu_2220,371240.0
C2-S21-B2.3-R1,Maqu_2220,28448.0
C2-S21-B2.3-R2,Maqu_2220,24336.0
C2-S21-B2.3-R3,Maqu_2220,28093.0
C2-S22-B2.3-R1,Maqu_2220,48094.0
C2-S22-B2.3-R2,Maqu_2220,50924.0
C2-S22-B2.3-R3,Maqu_2220,36895.0
C2-S23-B2.3-R1,Maqu_2220,34034.0
C2-S23-B2.3-R2,Maqu_2220,32743.0
C2-S23-B2.3-R3,Maqu_2220,34253.0
C2-S5-B2.3-R1,Maqu_2220,1052.0
C2-S5-B2.3-R2,Maqu_2220,3470.0
C2-S5-B2.3-R3,Maqu_2220,3313.0
C2-S7-B2.3-R1,Maqu_2220,4193.0
C2-S7-B2.3-R2,Maqu_2220,3757.0
C2-S7-B2.3-R3,Maqu_2220,0.0
C2-S8-B2.3-R1,Maqu_2220,3755.0
C2-S8-B2.3-R2,Maqu_2220,537.0
C2-S8-B2.3-R3,Maqu_2220,598.0
C2-S1-B2.4-R1,Maqu_2220,10196.0
C2-S1-B2.4-R2,Maqu_2220,1896.0
C2-S1-B2.4-R3,Maqu_2220,528.0
C2-S2-B2.4-R1,Maqu_2220,5618.0
C2-S2-B2.4-R2,Maqu_2220,18468.0
C2-S2-B2.4-R3,Maqu_2220,5642.0
C2-S4-B2.4-R1,Maqu_2220,15026.0
C2-S4-B2.4-R2,Maqu_2220,10681.0
C2-S4-B2.4-R3,Maqu_2220,0.0
C1-S11-B2.4-R1,Maqu_2220,6728.0
C1-S11-B2.4-R2,Maqu_2220,27669.0
C1-S11-B2.4-R3,Maqu_2220,26890.0
C2-S11-B2.4-R1,Maqu_2220,47683.0
C2-S11-B2.4-R2,Maqu_2220,626.0
C2-S11-B2.4-R3,Maqu_2220,1403.0
C2-S14-B2.4-R1,Maqu_2220,0.0
C2-S14-B2.4-R2,Maqu_2220,38410.0
C2-S14-B2.4-R3,Maqu_2220,30344.0
C2-S24-B2.4-R1,Maqu_2220,51402.0
C2-S24-B2.4-R2,Maqu_2220,52750.0
C2-S24-B2.4-R3,Maqu_2220,50792.0
C1-S32-B2.4-R1-delPoxB,Maqu_2220,268295.0
C1-S32-B2.4-R2-delPoxB,Maqu_2220,331456.0
C1-S32-B2.4-R3-delPoxB,Maqu_2220,256110.0
C1-S32-B2.4-R1-delPta,Maqu_2220,237227.0
C1-S32-B2.4-R2-delPta,Maqu_2220,268108.0
C1-S32-B2.4-R3-delPta,Maqu_2220,252367.0
C1-S32-B2.4-R1-delPtaelPoxB,Maqu_2220,122034.0
C1-S32-B2.4-R2-delPtaelPoxB,Maqu_2220,140031.0
C1-S32-B2.4-R3-delPtaelPoxB,Maqu_2220,122361.0
C0-S9017-B2.4-R1,Maqu_2220,2230581.0
C0-S9017-B2.4-R2,Maqu_2220,2323200.0
C0-S9017-B2.4-R3,Maqu_2220,1964492.0
C2-S1-B2.5-R1-IPTG0.5,Maqu_2220,3546.0
C2-S1-B2.5-R2-IPTG0.5,Maqu_2220,0.0
C2-S1-B2.5-R3-IPTG0.5,Maqu_2220,3168.0
C2-S1-B2.5-R1-IPTG1.0,Maqu_2220,2857.0
C2-S1-B2.5-R2-IPTG1.0,Maqu_2220,0.0
C2-S1-B2.5-R3-IPTG1.0,Maqu_2220,0.0
C2-S2-B2.5-R1-IPTG0.5,Maqu_2220,3359.0
C2-S2-B2.5-R2-IPTG0.5,Maqu_2220,3454.0
C2-S2-B2.5-R3-IPTG0.5,Maqu_2220,2428.0
C2-S2-B2.5-R1-IPTG1.0,Maqu_2220,3292.0
C2-S2-B2.5-R2-IPTG1.0,Maqu_2220,5970.0
C2-S2-B2.5-R3-IPTG1.0,Maqu_2220,2057.0
C2-S3-B2.5-R1,Maqu_2220,0.0
C2-S3-B2.5-R2,Maqu_2220,0.0
C2-S3-B2.5-R3,Maqu_2220,7886.0
C2-S3-B2.5-R1-IPTG0.5,Maqu_2220,4183.0
C2-S3-B2.5-R2-IPTG0.5,Maqu_2220,2152.0
C2-S3-B2.5-R3-IPTG0.5,Maqu_2220,1204.0
C2-S3-B2.5-R1-IPTG1.0,Maqu_2220,8383.0
C2-S3-B2.5-R2-IPTG1.0,Maqu_2220,6994.0
C2-S3-B2.5-R3-IPTG1.0,Maqu_2220,399.0
C2-S4-B2.5-R1-IPTG0.5,Maqu_2220,3910.0
C2-S4-B2.5-R2-IPTG0.5,Maqu_2220,0.0
C2-S4-B2.5-R3-IPTG0.5,Maqu_2220,3060.0
C2-S4-B2.5-R1-IPTG1.0,Maqu_2220,490.0
C2-S4-B2.5-R2-IPTG1.0,Maqu_2220,1606.0
C2-S4-B2.5-R3-IPTG1.0,Maqu_2220,3645.0
C2-S7-B2.5-R1,Maqu_2220,2479.0
C2-S7-B2.5-R2,Maqu_2220,3274.0
C2-S7-B2.5-R3,Maqu_2220,2694.0
C2-S9-B2.5-R1,Maqu_2220,0.0
C2-S9-B2.5-R2,Maqu_2220,724.0
C2-S9-B2.5-R3,Maqu_2220,0.0
C1-S11-B2.5-R1,Maqu_2220,0.0
C1-S11-B2.5-R2,Maqu_2220,1543.0
C1-S11-B2.5-R3,Maqu_2220,2686.0
C1-S11-B2.5-R1-IPTG0.5,Maqu_2220,0.0
C1-S11-B2.5-R2-IPTG0.5,Maqu_2220,2973.0
C1-S11-B2.5-R3-IPTG0.5,Maqu_2220,0.0
C2-S18-B2.5-R1,Maqu_2220,43849.0
C2-S18-B2.5-R2,Maqu_2220,39926.0
C2-S18-B2.5-R3,Maqu_2220,38340.0
C0-S9017-B2.5-R1,Maqu_2220,746842.0
C0-S9017-B2.5-R2,Maqu_2220,820841.0
C0-S9017-B2.5-R3,Maqu_2220,1035294.0
C1-S1-B1.1-R1,Maqu_2507,159144.0
C1-S1-B1.1-R2,Maqu_2507,173165.0
C1-S2-B1.1-R1,Maqu_2507,158408.0
C1-S2-B1.1-R2,Maqu_2507,155221.0
C1-S4-B1.1-R1,Maqu_2507,565758.0
C1-S4-B1.1-R2,Maqu_2507,579082.0
C1-S8-B1.1-R1,Maqu_2507,202718.0
C1-S8-B1.1-R2,Maqu_2507,204510.0
C1-S9-B1.1-R1,Maqu_2507,207289.0
C1-S9-B1.1-R2,Maqu_2507,232565.0
C1-S11-B1.1-R1,Maqu_2507,686451.0
C1-S11-B1.1-R2,Maqu_2507,736006.0
C1-S12-B1.1-R1,Maqu_2507,740579.0
C1-S12-B1.1-R2,Maqu_2507,762921.0
C1-S15-B1.1-R1,Maqu_2507,8555.0
C1-S15-B1.1-R2,Maqu_2507,3483.0
C1-S16-B1.1-R1,Maqu_2507,2518.0
C1-S16-B1.1-R2,Maqu_2507,0.0
C1-S22-B1.1-R1,Maqu_2507,0.0
C1-S22-B1.1-R2,Maqu_2507,0.0
C0-S9017-B1.1-R1,Maqu_2507,0.0
C0-S9017-B1.1-R2,Maqu_2507,0.0
C1-S11-B1.2-R1,Maqu_2507,360114.0
C1-S11-B1.2-R2,Maqu_2507,405148.0
C1-S11-B1.2-R3,Maqu_2507,400045.0
C1-S19-B1.2-R1,Maqu_2507,10156.0
C1-S19-B1.2-R2,Maqu_2507,3105.0
C1-S19-B1.2-R3,Maqu_2507,0.0
C1-S25-B1.2-R1,Maqu_2507,0.0
C1-S25-B1.2-R2,Maqu_2507,0.0
C1-S25-B1.2-R3,Maqu_2507,0.0
C1-S26-B1.2-R1,Maqu_2507,0.0
C1-S26-B1.2-R2,Maqu_2507,0.0
C1-S26-B1.2-R3,Maqu_2507,0.0
C1-S27-B1.2-R1,Maqu_2507,0.0
C1-S27-B1.2-R2,Maqu_2507,805.0
C1-S27-B1.2-R3,Maqu_2507,0.0
C1-S28-B1.2-R1,Maqu_2507,0.0
C1-S28-B1.2-R2,Maqu_2507,0.0
C1-S28-B1.2-R3,Maqu_2507,0.0
C1-S29-B1.2-R1,Maqu_2507,0.0
C1-S29-B1.2-R2,Maqu_2507,0.0
C1-S29-B1.2-R3,Maqu_2507,0.0
C1-S30-B1.2-R1,Maqu_2507,0.0
C1-S30-B1.2-R2,Maqu_2507,0.0
C1-S30-B1.2-R3,Maqu_2507,0.0
C1-S31-B1.2-R1,Maqu_2507,0.0
C1-S31-B1.2-R2,Maqu_2507,0.0
C1-S31-B1.2-R3,Maqu_2507,0.0
C1-S32-B1.2-R1,Maqu_2507,0.0
C1-S32-B1.2-R2,Maqu_2507,0.0
C1-S32-B1.2-R3,Maqu_2507,0.0
C1-S33-B1.2-R1,Maqu_2507,0.0
C1-S33-B1.2-R2,Maqu_2507,2399.0
C1-S33-B1.2-R3,Maqu_2507,0.0
C1-S34-B1.2-R1,Maqu_2507,0.0
C1-S34-B1.2-R2,Maqu_2507,0.0
C1-S34-B1.2-R3,Maqu_2507,0.0
C1-S35-B1.2-R1,Maqu_2507,0.0
C1-S35-B1.2-R2,Maqu_2507,162.0
C1-S35-B1.2-R3,Maqu_2507,0.0
C1-S36-B1.2-R1,Maqu_2507,0.0
C1-S36-B1.2-R2,Maqu_2507,0.0
C1-S36-B1.2-R3,Maqu_2507,0.0
C0-S9017-B1.2-R1,Maqu_2507,0.0
C0-S9017-B1.2-R2,Maqu_2507,2575.0
C0-S9017-B1.2-R3,Maqu_2507,0.0
C1-S1-B1.3-R1,Maqu_2507,121953.0
C1-S1-B1.3-R2,Maqu_2507,110232.0
C1-S1-B1.3-R3,Maqu_2507,116728.0
C1-S2-B1.3-R1,Maqu_2507,119671.0
C1-S2-B1.3-R2,Maqu_2507,135795.0
C1-S2-B1.3-R3,Maqu_2507,188926.0
C1-S3-B1.3-R1,Maqu_2507,138378.0
C1-S3-B1.3-R2,Maqu_2507,135131.0
C1-S3-B1.3-R3,Maqu_2507,120677.0
C1-S5-B1.3-R1,Maqu_2507,432873.0
C1-S5-B1.3-R2,Maqu_2507,439249.0
C1-S5-B1.3-R3,Maqu_2507,471032.0
C1-S6-B1.3-R1,Maqu_2507,215241.0
C1-S6-B1.3-R2,Maqu_2507,217714.0
C1-S6-B1.3-R3,Maqu_2507,247382.0
C1-S7-B1.3-R1,Maqu_2507,99544.0
C1-S7-B1.3-R2,Maqu_2507,96436.0
C1-S7-B1.3-R3,Maqu_2507,105513.0
C1-S8-B1.3-R1,Maqu_2507,87508.0
C1-S8-B1.3-R2,Maqu_2507,87744.0
C1-S8-B1.3-R3,Maqu_2507,82715.0
C1-S10-B1.3-R1,Maqu_2507,499232.0
C1-S10-B1.3-R2,Maqu_2507,532764.0
C1-S10-B1.3-R3,Maqu_2507,503145.0
C1-S13-B1.3-R1,Maqu_2507,8602.0
C1-S13-B1.3-R2,Maqu_2507,0.0
C1-S13-B1.3-R3,Maqu_2507,0.0
C1-S16-B1.3-R1,Maqu_2507,0.0
C1-S16-B1.3-R2,Maqu_2507,0.0
C1-S16-B1.3-R3,Maqu_2507,0.0
C1-S18-B1.3-R1,Maqu_2507,400.0
C1-S18-B1.3-R2,Maqu_2507,1671.0
C1-S18-B1.3-R3,Maqu_2507,0.0
C1-S21-B1.3-R1,Maqu_2507,0.0
C1-S21-B1.3-R2,Maqu_2507,0.0
C1-S21-B1.3-R3,Maqu_2507,2348.0
C1-S23-B1.3-R1,Maqu_2507,0.0
C1-S23-B1.3-R2,Maqu_2507,0.0
C1-S23-B1.3-R3,Maqu_2507,0.0
C1-S24-B1.3-R1,Maqu_2507,0.0
C1-S24-B1.3-R2,Maqu_2507,2745.0
C1-S24-B1.3-R3,Maqu_2507,3365.0
C0-S9017-B1.3-R1,Maqu_2507,0.0
C0-S9017-B1.3-R2,Maqu_2507,0.0
C0-S9017-B1.3-R3,Maqu_2507,0.0
C1-S11-B2.3-R1,Maqu_2507,543544.0
C1-S11-B2.3-R2,Maqu_2507,516922.0
C1-S11-B2.3-R3,Maqu_2507,530792.0
C1-S32-B2.3-R1,Maqu_2507,5047.0
C1-S32-B2.3-R2,Maqu_2507,2030.0
C1-S32-B2.3-R3,Maqu_2507,468.0
C0-S9017-B2.3-R1,Maqu_2507,1056.0
C0-S9017-B2.3-R2,Maqu_2507,1260.0
C0-S9017-B2.3-R3,Maqu_2507,0.0
C2-S10-B2.3-R1,Maqu_2507,451135.0
C2-S10-B2.3-R2,Maqu_2507,444221.0
C2-S10-B2.3-R3,Maqu_2507,448846.0
C2-S11-B2.3-R1,Maqu_2507,123592.0
C2-S11-B2.3-R2,Maqu_2507,116441.0
C2-S11-B2.3-R3,Maqu_2507,108800.0
C2-S15-B2.3-R1,Maqu_2507,4666.0
C2-S15-B2.3-R2,Maqu_2507,3598.0
C2-S15-B2.3-R3,Maqu_2507,2006.0
C2-S16-B2.3-R1,Maqu_2507,972.0
C2-S16-B2.3-R2,Maqu_2507,2806.0
C2-S16-B2.3-R3,Maqu_2507,1219.0
C2-S17-B2.3-R1,Maqu_2507,2752.0
C2-S17-B2.3-R2,Maqu_2507,315.0
C2-S17-B2.3-R3,Maqu_2507,446.0
C2-S19-B2.3-R1,Maqu_2507,1209.0
C2-S19-B2.3-R2,Maqu_2507,0.0
C2-S19-B2.3-R3,Maqu_2507,1872.0
C2-S20-B2.3-R1,Maqu_2507,3005.0
C2-S20-B2.3-R2,Maqu_2507,2230.0
C2-S20-B2.3-R3,Maqu_2507,312.0
C2-S21-B2.3-R1,Maqu_2507,435.0
C2-S21-B2.3-R2,Maqu_2507,657.0
C2-S21-B2.3-R3,Maqu_2507,828.0
C2-S22-B2.3-R1,Maqu_2507,408.0
C2-S22-B2.3-R2,Maqu_2507,0.0
C2-S22-B2.3-R3,Maqu_2507,1378.0
C2-S23-B2.3-R1,Maqu_2507,435.0
C2-S23-B2.3-R2,Maqu_2507,0.0
C2-S23-B2.3-R3,Maqu_2507,1682.0
C2-S5-B2.3-R1,Maqu_2507,463422.0
C2-S5-B2.3-R2,Maqu_2507,498307.0
C2-S5-B2.3-R3,Maqu_2507,525089.0
C2-S7-B2.3-R1,Maqu_2507,680036.0
C2-S7-B2.3-R2,Maqu_2507,762785.0
C2-S7-B2.3-R3,Maqu_2507,748479.0
C2-S8-B2.3-R1,Maqu_2507,374118.0
C2-S8-B2.3-R2,Maqu_2507,354072.0
C2-S8-B2.3-R3,Maqu_2507,326229.0
C2-S1-B2.4-R1,Maqu_2507,1518587.0
C2-S1-B2.4-R2,Maqu_2507,1546227.0
C2-S1-B2.4-R3,Maqu_2507,1528867.0
C2-S2-B2.4-R1,Maqu_2507,1629038.0
C2-S2-B2.4-R2,Maqu_2507,1690829.0
C2-S2-B2.4-R3,Maqu_2507,1809021.0
C2-S4-B2.4-R1,Maqu_2507,1545610.0
C2-S4-B2.4-R2,Maqu_2507,1552524.0
C2-S4-B2.4-R3,Maqu_2507,1597909.0
C1-S11-B2.4-R1,Maqu_2507,937286.0
C1-S11-B2.4-R2,Maqu_2507,944820.0
C1-S11-B2.4-R3,Maqu_2507,878773.0
C2-S11-B2.4-R1,Maqu_2507,1489403.0
C2-S11-B2.4-R2,Maqu_2507,1395259.0
C2-S11-B2.4-R3,Maqu_2507,1268031.0
C2-S14-B2.4-R1,Maqu_2507,199425.0
C2-S14-B2.4-R2,Maqu_2507,207290.0
C2-S14-B2.4-R3,Maqu_2507,189071.0
C2-S24-B2.4-R1,Maqu_2507,9208.0
C2-S24-B2.4-R2,Maqu_2507,4972.0
C2-S24-B2.4-R3,Maqu_2507,4815.0
C1-S32-B2.4-R1-delPoxB,Maqu_2507,0.0
C1-S32-B2.4-R2-delPoxB,Maqu_2507,2151.0
C1-S32-B2.4-R3-delPoxB,Maqu_2507,3353.0
C1-S32-B2.4-R1-delPta,Maqu_2507,0.0
C1-S32-B2.4-R2-delPta,Maqu_2507,2566.0
C1-S32-B2.4-R3-delPta,Maqu_2507,0.0
C1-S32-B2.4-R1-delPtaelPoxB,Maqu_2507,0.0
C1-S32-B2.4-R2-delPtaelPoxB,Maqu_2507,3813.0
C1-S32-B2.4-R3-delPtaelPoxB,Maqu_2507,3271.0
C0-S9017-B2.4-R1,Maqu_2507,583.0
C0-S9017-B2.4-R2,Maqu_2507,0.0
C0-S9017-B2.4-R3,Maqu_2507,0.0
C2-S1-B2.5-R1-IPTG0.5,Maqu_2507,654325.0
C2-S1-B2.5-R2-IPTG0.5,Maqu_2507,617761.0
C2-S1-B2.5-R3-IPTG0.5,Maqu_2507,664445.0
C2-S1-B2.5-R1-IPTG1.0,Maqu_2507,657821.0
C2-S1-B2.5-R2-IPTG1.0,Maqu_2507,582479.0
C2-S1-B2.5-R3-IPTG1.0,Maqu_2507,696201.0
C2-S2-B2.5-R1-IPTG0.5,Maqu_2507,833818.0
C2-S2-B2.5-R2-IPTG0.5,Maqu_2507,754733.0
C2-S2-B2.5-R3-IPTG0.5,Maqu_2507,818273.0
C2-S2-B2.5-R1-IPTG1.0,Maqu_2507,853364.0
C2-S2-B2.5-R2-IPTG1.0,Maqu_2507,858283.0
C2-S2-B2.5-R3-IPTG1.0,Maqu_2507,876645.0
C2-S3-B2.5-R1,Maqu_2507,761837.0
C2-S3-B2.5-R2,Maqu_2507,877957.0
C2-S3-B2.5-R3,Maqu_2507,785031.0
C2-S3-B2.5-R1-IPTG0.5,Maqu_2507,910480.0
C2-S3-B2.5-R2-IPTG0.5,Maqu_2507,894938.0
C2-S3-B2.5-R3-IPTG0.5,Maqu_2507,942854.0
C2-S3-B2.5-R1-IPTG1.0,Maqu_2507,963304.0
C2-S3-B2.5-R2-IPTG1.0,Maqu_2507,934239.0
C2-S3-B2.5-R3-IPTG1.0,Maqu_2507,967566.0
C2-S4-B2.5-R1-IPTG0.5,Maqu_2507,626564.0
C2-S4-B2.5-R2-IPTG0.5,Maqu_2507,700880.0
C2-S4-B2.5-R3-IPTG0.5,Maqu_2507,693783.0
C2-S4-B2.5-R1-IPTG1.0,Maqu_2507,665922.0
C2-S4-B2.5-R2-IPTG1.0,Maqu_2507,685947.0
C2-S4-B2.5-R3-IPTG1.0,Maqu_2507,628157.0
C2-S7-B2.5-R1,Maqu_2507,539673.0
C2-S7-B2.5-R2,Maqu_2507,512817.0
C2-S7-B2.5-R3,Maqu_2507,580171.0
C2-S9-B2.5-R1,Maqu_2507,221240.0
C2-S9-B2.5-R2,Maqu_2507,252437.0
C2-S9-B2.5-R3,Maqu_2507,226973.0
C1-S11-B2.5-R1,Maqu_2507,454633.0
C1-S11-B2.5-R2,Maqu_2507,480334.0
C1-S11-B2.5-R3,Maqu_2507,476210.0
C1-S11-B2.5-R1-IPTG0.5,Maqu_2507,442981.0
C1-S11-B2.5-R2-IPTG0.5,Maqu_2507,400409.0
C1-S11-B2.5-R3-IPTG0.5,Maqu_2507,395214.0
C2-S18-B2.5-R1,Maqu_2507,6559.0
C2-S18-B2.5-R2,Maqu_2507,10925.0
C2-S18-B2.5-R3,Maqu_2507,12384.0
C0-S9017-B2.5-R1,Maqu_2507,0.0
C0-S9017-B2.5-R2,Maqu_2507,6099.0
C0-S9017-B2.5-R3,Maqu_2507,16169.0
