Gene,Predicted RBS TIR,EMOPEC Prediction,Presequence,Coding Sequence
ucFatB1,1560,96.5,gataacaatttcagaattcaaaagatctgcacctactacggtttttactcggagaataca,atgctggaatggaaaccgaaaccgaaactgccgcaactgctggatgaccattttggtctgcacggcctggtttttcgtcgcaccttcgcgattcgtagctatgaagtcggcccggatcgctcaacctcgatcctggccgtgatgaaccatatgcaggaagcgacgctgaatcacgccaaaagcgtgggtattctgggcgatggtttcggcaccacgctggaaatgtctaaacgtgacctgatgtgggtggttcgtcgcacccatgtcgcagtggaacgctacccgacctggggcgatacggttgaagtcgaatgctggatcggtgcttctggcaacaatggtatgcgtcgcgatttcctggttcgtgactgcaaaaccggtgaaattctgacccgctgtacgagcctgtctgtgctgatgaatacccgtacgcgtcgcctgagtacgatcccggatgaagttcgcggcgaaattggtccggcatttatcgacaacgtggctgttaaagatgacgaaatcaaaaaactgcagaaactgaacgatagcaccgcagactatatccaaggcggtctgacgccgcgttggaacgatctggacgttaatcagcatgtgaacaatctgaaatacgtcgcgtgggtgtttgaaaccgtgccggattcaattttcgaatcgcatcacatcagctcttttaccctggaataccgtcgcgaatgcacgcgtgatagcgtgctgcgctctctgaccaccgttagtggcggtagttccgaagcgggcctggtttgtgaccacctgctgcaactggaaggcggttccgaagtcctgcgtgcccgcaccgaatggcgcccgaaactgaccgattccttccgtggcattagtgtgattccggctgaaccgcgtgtgtga
ucFatB1,9876,94.2,agaattcaaaagatcttacaaattataatacaattccgtcagaggtcaca,atgctggaatggaaaccgaaaccgaaactgccgcaactgctggatgaccattttggtctgcacggcctggtttttcgtcgcaccttcgcgattcgtagctatgaagtcggcccggatcgctcaacctcgatcctggccgtgatgaaccatatgcaggaagcgacgctgaatcacgccaaaagcgtgggtattctgggcgatggtttcggcaccacgctggaaatgtctaaacgtgacctgatgtgggtggttcgtcgcacccatgtcgcagtggaacgctacccgacctggggcgatacggttgaagtcgaatgctggatcggtgcttctggcaacaatggtatgcgtcgcgatttcctggttcgtgactgcaaaaccggtgaaattctgacccgctgtacgagcctgtctgtgctgatgaatacccgtacgcgtcgcctgagtacgatcccggatgaagttcgcggcgaaattggtccggcatttatcgacaacgtggctgttaaagatgacgaaatcaaaaaactgcagaaactgaacgatagcaccgcagactatatccaaggcggtctgacgccgcgttggaacgatctggacgttaatcagcatgtgaacaatctgaaatacgtcgcgtgggtgtttgaaaccgtgccggattcaattttcgaatcgcatcacatcagctcttttaccctggaataccgtcgcgaatgcacgcgtgatagcgtgctgcgctctctgaccaccgttagtggcggtagttccgaagcgggcctggtttgtgaccacctgctgcaactggaaggcggttccgaagtcctgcgtgcccgcaccgaatggcgcccgaaactgaccgattccttccgtggcattagtgtgattccggctgaaccgcgtgtgtga
FadD,752,14.8,tttactggtaatattaatttaactaaattaaggggctcatcacagtaaaa,atgaagaaagtttggctgaaccgttaccctgctgatgtacctaccgaaattaacccggaccgttaccagtccctggtcgatatgtttgagcagtctgttgctcgttatgcagaccagccggctttcgtgaacatgggcgaagtgatgaccttccgtaaactggaagaacgttcccgcgcgtttgctgcgtacctgcagcagggtctgggcctgaaaaagggtgatcgtgtcgcgctgatgatgccgaacctgctgcagtacccggtggcactgtttggtatcctgcgcgctggtatgatcgtagtaaacgtgaacccgctgtacactccgcgcgaactggaacatcaactgaacgactctggcgcgtccgctatcgttattgttagcaatttcgcgcacaccctggaaaaagtggttgacaagaccgcggtacagcacgtgatcctgacccgcatgggtgaccagctgagcaccgccaaaggcaccgtcgttaacttcgtggtaaagtacatcaaacgtctggtcccaaaataccatctgccggacgcgatttctttccgctctgcgctgcataacggttatcgtatgcaatacgttaaaccggaactggtcccggaggacctggccttcctgcagtacacgggcggcaccactggcgttgctaaaggcgccatgctgacccaccgtaacatgctggcgaacctggaacaggtcaacgcgacctacggtccgctgctgcatccgggcaaagaactggtagttaccgctctgccgctgtatcacatcttcgccctgactatcaactgcctgctgttcattgagctgggcggccagaacctgctgatcactaacccgcgcgatattccgggcctggtgaaagagctggcaaaatacccgttcaccgccatcaccggcgttaacactctgttcaacgcgctgctgaacaacaaagaatttcagcaactggatttctccagcctgcacctgagcgcgggtggtggcatgccggttcagcaagtagttgccgagcgttgggtaaaactgactggccagtacctgctggaaggttatggtctgactgaatgtgccccgctggtatctgtgaacccatatgacatcgactaccatagcggctctatcggtctgcctgttccgagcaccgaagcaaaactggttgatgacgatgataacgaggtaccgccgggtcagccgggtgaactgtgcgtgaaaggtccgcaagttatgctgggttattggcagcgtccggatgcaaccgacgaaatcatcaagaacggttggctgcacaccggcgacatcgcggttatggacgaggaaggcttcctgcgtattgttgatcgtaagaaagacatgatcctggtgtctggcttcaacgtttatccgaacgaaatcgaggatgttgttatgcagcacccgggtgttcaggaagtagccgctgttggtgtcccgtctggcagcagcggcgaagcagttaaaattttcgttgttaaaaaggatccgagcctgaccgaagagagcctggttactttttgtcgccgccagctgactggttacaaggttccgaagctggttgaatttcgtgatgagctgccaaagtctaacgttggtaagatcctgcgtcgtgaactgcgcgatgaggcacgtggtaaggtagataacaaggcgtaa
FadD,1913,92.4,actggtaacgagatctcaatagccgaaaggtacctaaagagaattactag,atgaagaaagtttggctgaaccgttaccctgctgatgtacctaccgaaattaacccggaccgttaccagtccctggtcgatatgtttgagcagtctgttgctcgttatgcagaccagccggctttcgtgaacatgggcgaagtgatgaccttccgtaaactggaagaacgttcccgcgcgtttgctgcgtacctgcagcagggtctgggcctgaaaaagggtgatcgtgtcgcgctgatgatgccgaacctgctgcagtacccggtggcactgtttggtatcctgcgcgctggtatgatcgtagtaaacgtgaacccgctgtacactccgcgcgaactggaacatcaactgaacgactctggcgcgtccgctatcgttattgttagcaatttcgcgcacaccctggaaaaagtggttgacaagaccgcggtacagcacgtgatcctgacccgcatgggtgaccagctgagcaccgccaaaggcaccgtcgttaacttcgtggtaaagtacatcaaacgtctggtcccaaaataccatctgccggacgcgatttctttccgctctgcgctgcataacggttatcgtatgcaatacgttaaaccggaactggtcccggaggacctggccttcctgcagtacacgggcggcaccactggcgttgctaaaggcgccatgctgacccaccgtaacatgctggcgaacctggaacaggtcaacgcgacctacggtccgctgctgcatccgggcaaagaactggtagttaccgctctgccgctgtatcacatcttcgccctgactatcaactgcctgctgttcattgagctgggcggccagaacctgctgatcactaacccgcgcgatattccgggcctggtgaaagagctggcaaaatacccgttcaccgccatcaccggcgttaacactctgttcaacgcgctgctgaacaacaaagaatttcagcaactggatttctccagcctgcacctgagcgcgggtggtggcatgccggttcagcaagtagttgccgagcgttgggtaaaactgactggccagtacctgctggaaggttatggtctgactgaatgtgccccgctggtatctgtgaacccatatgacatcgactaccatagcggctctatcggtctgcctgttccgagcaccgaagcaaaactggttgatgacgatgataacgaggtaccgccgggtcagccgggtgaactgtgcgtgaaaggtccgcaagttatgctgggttattggcagcgtccggatgcaaccgacgaaatcatcaagaacggttggctgcacaccggcgacatcgcggttatggacgaggaaggcttcctgcgtattgttgatcgtaagaaagacatgatcctggtgtctggcttcaacgtttatccgaacgaaatcgaggatgttgttatgcagcacccgggtgttcaggaagtagccgctgttggtgtcccgtctggcagcagcggcgaagcagttaaaattttcgttgttaaaaaggatccgagcctgaccgaagagagcctggttactttttgtcgccgccagctgactggttacaaggttccgaagctggttgaatttcgtgatgagctgccaaagtctaacgttggtaagatcctgcgtcgtgaactgcgcgatgaggcacgtggtaaggtagataacaaggcgtaa
FadD,9103,87.6,gtgggatttactggtaatatcctcacaaaaatacatcagggagaaaagaa,atgaagaaagtttggctgaaccgttaccctgctgatgtacctaccgaaattaacccggaccgttaccagtccctggtcgatatgtttgagcagtctgttgctcgttatgcagaccagccggctttcgtgaacatgggcgaagtgatgaccttccgtaaactggaagaacgttcccgcgcgtttgctgcgtacctgcagcagggtctgggcctgaaaaagggtgatcgtgtcgcgctgatgatgccgaacctgctgcagtacccggtggcactgtttggtatcctgcgcgctggtatgatcgtagtaaacgtgaacccgctgtacactccgcgcgaactggaacatcaactgaacgactctggcgcgtccgctatcgttattgttagcaatttcgcgcacaccctggaaaaagtggttgacaagaccgcggtacagcacgtgatcctgacccgcatgggtgaccagctgagcaccgccaaaggcaccgtcgttaacttcgtggtaaagtacatcaaacgtctggtcccaaaataccatctgccggacgcgatttctttccgctctgcgctgcataacggttatcgtatgcaatacgttaaaccggaactggtcccggaggacctggccttcctgcagtacacgggcggcaccactggcgttgctaaaggcgccatgctgacccaccgtaacatgctggcgaacctggaacaggtcaacgcgacctacggtccgctgctgcatccgggcaaagaactggtagttaccgctctgccgctgtatcacatcttcgccctgactatcaactgcctgctgttcattgagctgggcggccagaacctgctgatcactaacccgcgcgatattccgggcctggtgaaagagctggcaaaatacccgttcaccgccatcaccggcgttaacactctgttcaacgcgctgctgaacaacaaagaatttcagcaactggatttctccagcctgcacctgagcgcgggtggtggcatgccggttcagcaagtagttgccgagcgttgggtaaaactgactggccagtacctgctggaaggttatggtctgactgaatgtgccccgctggtatctgtgaacccatatgacatcgactaccatagcggctctatcggtctgcctgttccgagcaccgaagcaaaactggttgatgacgatgataacgaggtaccgccgggtcagccgggtgaactgtgcgtgaaaggtccgcaagttatgctgggttattggcagcgtccggatgcaaccgacgaaatcatcaagaacggttggctgcacaccggcgacatcgcggttatggacgaggaaggcttcctgcgtattgttgatcgtaagaaagacatgatcctggtgtctggcttcaacgtttatccgaacgaaatcgaggatgttgttatgcagcacccgggtgttcaggaagtagccgctgttggtgtcccgtctggcagcagcggcgaagcagttaaaattttcgttgttaaaaaggatccgagcctgaccgaagagagcctggttactttttgtcgccgccagctgactggttacaaggttccgaagctggttgaatttcgtgatgagctgccaaagtctaacgttggtaagatcctgcgtcgtgaactgcgcgatgaggcacgtggtaaggtagataacaaggcgtaa
Maqu_2507,1958,92,ggctgaaccgcgtgtgtgacggccacagactaccgggggtaccaaagcac,atgaattactttcttactggagggaccggctttatcggcaggtttttagtggaaaaattattagcccgtggaggcactgtttatgtgctcgttcgcgagcagtcccaagacaaactggaacgtctccgggaacgttggggtgccgacgacaaacaggtgaaggcggttattggtgacttgacctccaagaaccttggtatcgatgccaaaacactgaaaagtttgaaaggtaacattgaccatgtatttcacctggctgctgtttacgatatgggcgctgatgaagaggctcaggcagccacaaacattgaaggtactcgtgcggctgttcaagctgcggaagcgatgggtgctaaacattttcatcatgtcagctccattgcagccgctggcttatttaaaggtattttccgcgaagatatgtttgaggaggctgagaagcttgatcacccatacctccgtaccaagcacgagtcggaaaaagtagtccgcgaagaatgtaaagttccttttcgtatttatcgcccaggtatggtaattgggcattccgaaacgggcgaaatggataaagtggacgggccgtattacttttttaaaatgatccagaaaatacgccacgcgctgccacagtgggtgccgactataggtatcgaaggtgggagattgaacatagtacccgtcgatttcgtagttgatgccttggatcacattgcccatctggaaggtgaagatggaaattgttttcatcttgttgactcggacccttataaggttggagagattctgaatatcttttgtgaggccggccacgcaccgcgtatgggaatgagaatagatagtcgtatgttcggttttataccgccatttattcgtcaaagtattaagaacttgccgcccgttaaacggataacgggtgccttgctggatgatatgggaatacccccttcagttatgtccttcatcaattacccgactcgcttcgatacccgtgaactggagcgtgttctgaaaggaaccgacatcgaagtcccgaggttaccaagttacgccccggtgatttgggactattgggaacgcaatctagatccagacctctttaaagaccgcacattaaaagggaccgtggagggtaaagtctgtgtagtgacaggtgccaccagtggcataggtctggctaccgccgagaaattagcggaggcaggtgcaatcctcgttatcggcgccagaaccaaagaaaccttggacgaagttgccgcctcgcttgaggcgaagggtgggaatgtgcacgcctatcagtgtgattttagtgatatggatgactgtgatcgctttgtcaaaacagttctagataatcatggtcatgtcgatgttttagttaataacgctggacggtccatccgtcgtagtctggcattgtccttcgatcgcttccatgattttgaacgtaccatgcaactgaactatttcggttcggtccgtctgataatgggcttcgcgccagccatgttagagcgacgtcgaggccatgttgtgaacatatcgtccatcggagtcctcacaaacgcgccgcgcttcagtgcatatgtctcaagtaagtcagcccttgatgcctttagccgctgcgcagccgcggagtggagcgaccgtaacgtgacatttactacaataaacatgcccctagttaaaactccaatgattgctccaacaaaaatctacgatagtgtgccgactctgactccggacgaggctgcgcaaatggtagctgacgctattgtgtatcgtcctaaacgcatagccacaaggctgggtgtctttgcgcaagttttacacgccctagcccctaaaatgggcgaaatcatcatgaacaccggatatcgcatgtttcctgactccccggccgccgcaggtagtaaaagcggggaaaaaccgaaagtgagtacggaacaagtcgcctttgccgcaatcatgcgtgggatttactggtaa
Maqu_2507,10410,98.4,cgcgtgtgtgaatcgcagaaaatactcacgaaaaacctaaggagctaacc,atgaattactttcttactggagggaccggctttatcggcaggtttttagtggaaaaattattagcccgtggaggcactgtttatgtgctcgttcgcgagcagtcccaagacaaactggaacgtctccgggaacgttggggtgccgacgacaaacaggtgaaggcggttattggtgacttgacctccaagaaccttggtatcgatgccaaaacactgaaaagtttgaaaggtaacattgaccatgtatttcacctggctgctgtttacgatatgggcgctgatgaagaggctcaggcagccacaaacattgaaggtactcgtgcggctgttcaagctgcggaagcgatgggtgctaaacattttcatcatgtcagctccattgcagccgctggcttatttaaaggtattttccgcgaagatatgtttgaggaggctgagaagcttgatcacccatacctccgtaccaagcacgagtcggaaaaagtagtccgcgaagaatgtaaagttccttttcgtatttatcgcccaggtatggtaattgggcattccgaaacgggcgaaatggataaagtggacgggccgtattacttttttaaaatgatccagaaaatacgccacgcgctgccacagtgggtgccgactataggtatcgaaggtgggagattgaacatagtacccgtcgatttcgtagttgatgccttggatcacattgcccatctggaaggtgaagatggaaattgttttcatcttgttgactcggacccttataaggttggagagattctgaatatcttttgtgaggccggccacgcaccgcgtatgggaatgagaatagatagtcgtatgttcggttttataccgccatttattcgtcaaagtattaagaacttgccgcccgttaaacggataacgggtgccttgctggatgatatgggaatacccccttcagttatgtccttcatcaattacccgactcgcttcgatacccgtgaactggagcgtgttctgaaaggaaccgacatcgaagtcccgaggttaccaagttacgccccggtgatttgggactattgggaacgcaatctagatccagacctctttaaagaccgcacattaaaagggaccgtggagggtaaagtctgtgtagtgacaggtgccaccagtggcataggtctggctaccgccgagaaattagcggaggcaggtgcaatcctcgttatcggcgccagaaccaaagaaaccttggacgaagttgccgcctcgcttgaggcgaagggtgggaatgtgcacgcctatcagtgtgattttagtgatatggatgactgtgatcgctttgtcaaaacagttctagataatcatggtcatgtcgatgttttagttaataacgctggacggtccatccgtcgtagtctggcattgtccttcgatcgcttccatgattttgaacgtaccatgcaactgaactatttcggttcggtccgtctgataatgggcttcgcgccagccatgttagagcgacgtcgaggccatgttgtgaacatatcgtccatcggagtcctcacaaacgcgccgcgcttcagtgcatatgtctcaagtaagtcagcccttgatgcctttagccgctgcgcagccgcggagtggagcgaccgtaacgtgacatttactacaataaacatgcccctagttaaaactccaatgattgctccaacaaaaatctacgatagtgtgccgactctgactccggacgaggctgcgcaaatggtagctgacgctattgtgtatcgtcctaaacgcatagccacaaggctgggtgtctttgcgcaagttttacacgccctagcccctaaaatgggcgaaatcatcatgaacaccggatatcgcatgtttcctgactccccggccgccgcaggtagtaaaagcggggaaaaaccgaaagtgagtacggaacaagtcgcctttgccgcaatcatgcgtgggatttactggtaa
Maqu_2220,1913,72.1,gaaccgcgtgtgtgatcagagtccccttacatcccaagagttctaataac,atggccatccagcaggttcatcacgctgataccagctcgtctaaagtattaggtcagctgcgtggtaaacgtgtgttaatcaccggcaccacaggtttcttgggcaaagtcgtgctggaacgcctgatccgtgctgttccggacattggggcgatttatcttcttattcgtggtaacaaacgccacccagacgcccgttcgcgttttctggaagagattgcaaccagtagcgtctttgatcgcctgcgtgaagccgactcagaaggctttgacgcgttcctggaggaacgcatccattgcgttacgggagaagtgacagaggctggcttcggaatcggacaggaagattatcgtaaacttgcgactgaactggatgccgtcattaattctgccgctagcgttaattttcgcgaagagctggacaaagccttggccatcaataccctgtgtctgcgcaatattgctggcatggtggatcttaacccaaaacttgcggtactgcaggtttccacatgttatgttaacggtatgaactcaggtcaagttactgaatccgtgatcaaaccggcgggtgaagcagtgccacgttcaccagatggtttttacgaaattgaagaactggttcgcttattacaggataaaattgaggatgtgcaggcacgttactcgggtaaggttcttgaacgcaaactggtcgatctcggcatccgcgaggctaaccgttatggttggtcggatacctacacgtttaccaaatggctgggtgaacagctgctgatgaaagccctgaacggccgcactctgaccattctgcgcccgagtattattgaatctgctctcgaggagccggccccgggttggattgaaggtgtgaaagttgcagatgcgattattctggcgtatgctcgcgaaaaagtcaccttgttcccgggcaaacgctcaggtatcattgatgtaatcccggtcgatcttgtggcgaattcaatcattctgtccttagccgaggctctgggagaaccaggtcgccgccgtatttaccaatgctgctcgggtggcggcaacccaatcagtctgggcgaatttatcgaccatttaatggcggaatctaaagctaactacgccgcttatgatcatctgttctatcgtcaaccgtcaaagcctttcctcgctgtcaatcgtgccctttttgatctggtaattagtggagtgcgtttacctctttctttaaccgatcgtgttctgaagcttttaggcaattcgcgcgacctgaagatgttacgtaatcttgacactacgcaatcgctggccaccatttttggcttttatacagctccggattacatttttcgcaacgatgaactgatggcactggctaatcgtatgggggaggtagacaaaggcctgtttcccgttgatgcccgcctgattgactgggaactttatctgcgtaaaattcaccttgcgggtttgaatcgctatgccttgaaagaacgtaaagtgtattcacttaaaaccgcgcgccaacgtaaaaaagcagcataa
Maqu_2220,477311,80.5,gcgtgtgtgatgaatcaaacagactaagaagcattcataaggaggtaaat,atggccatccagcaggttcatcacgctgataccagctcgtctaaagtattaggtcagctgcgtggtaaacgtgtgttaatcaccggcaccacaggtttcttgggcaaagtcgtgctggaacgcctgatccgtgctgttccggacattggggcgatttatcttcttattcgtggtaacaaacgccacccagacgcccgttcgcgttttctggaagagattgcaaccagtagcgtctttgatcgcctgcgtgaagccgactcagaaggctttgacgcgttcctggaggaacgcatccattgcgttacgggagaagtgacagaggctggcttcggaatcggacaggaagattatcgtaaacttgcgactgaactggatgccgtcattaattctgccgctagcgttaattttcgcgaagagctggacaaagccttggccatcaataccctgtgtctgcgcaatattgctggcatggtggatcttaacccaaaacttgcggtactgcaggtttccacatgttatgttaacggtatgaactcaggtcaagttactgaatccgtgatcaaaccggcgggtgaagcagtgccacgttcaccagatggtttttacgaaattgaagaactggttcgcttattacaggataaaattgaggatgtgcaggcacgttactcgggtaaggttcttgaacgcaaactggtcgatctcggcatccgcgaggctaaccgttatggttggtcggatacctacacgtttaccaaatggctgggtgaacagctgctgatgaaagccctgaacggccgcactctgaccattctgcgcccgagtattattgaatctgctctcgaggagccggccccgggttggattgaaggtgtgaaagttgcagatgcgattattctggcgtatgctcgcgaaaaagtcaccttgttcccgggcaaacgctcaggtatcattgatgtaatcccggtcgatcttgtggcgaattcaatcattctgtccttagccgaggctctgggagaaccaggtcgccgccgtatttaccaatgctgctcgggtggcggcaacccaatcagtctgggcgaatttatcgaccatttaatggcggaatctaaagctaactacgccgcttatgatcatctgttctatcgtcaaccgtcaaagcctttcctcgctgtcaatcgtgccctttttgatctggtaattagtggagtgcgtttacctctttctttaaccgatcgtgttctgaagcttttaggcaattcgcgcgacctgaagatgttacgtaatcttgacactacgcaatcgctggccaccatttttggcttttatacagctccggattacatttttcgcaacgatgaactgatggcactggctaatcgtatgggggaggtagacaaaggcctgtttcccgttgatgcccgcctgattgactgggaactttatctgcgtaaaattcaccttgcgggtttgaatcgctatgccttgaaagaacgtaaagtgtattcacttaaaaccgcgcgccaacgtaaaaaagcagcataa
acr1,2208,21.6,gcgtgtgtgataagttatatattcaacatcgtaattaagttatacttctt,atgaataaaaagctggaggcgttgttcagggaaaatgttaaaggtaaagttgctttgataaccggtgcatcatcgggtattggactgacaatcgcgaagaggattgcggccgcgggtgcccatgttttgctggtggcgcggacacaagagactctcgaggaagtgaaagctgcgatcgaacagcaaggaggacaggcctcaatattcccatgcgacctgacggacatgaatgctattgaccagctgtctcagcagataatggcaagtgtcgatcatgtggactttctaataaacaacgcgggtcggtcaattcgccgtgccgttcatgagtcattcgatcgtttccatgatttcgaaaggacaatgcagcttaattactttggcgcggttagattagtgctgaaccttttgccgcatatgattaaacgcaagaacggtcagatcataaacatttcaagcataggcgtgctggccaatgcaacccggttctcggcgtatgtcgcatcaaaggcagctctggacgccttctctcgctgtcttagcgcggaagtgctgaaacataaaatctctataaccagcatatatatgccgttagtacgtaccccgatgatagctcccactaaaatctacaagtatgtcccgactttaagtcccgaagaagcagctgacctgatagtctatgccattgtcaaacgaccgacccgtattgcgacgcacctaggtagactggcatccataacatatgcaatcgcgccggatattaacaatatcctgatgagcattggattcaatctctttccgtcatcaacggccgccctcggcgaacaggaaaaattgaacctgttacagcgcgcctatgcgcggctgtttcccggggagcattggtaa
acr1,10915,85.5,cgcgtgtgtgaagaacgttaattaagcattataaaaatttaaggttatta,atgaataaaaagctggaggcgttgttcagggaaaatgttaaaggtaaagttgctttgataaccggtgcatcatcgggtattggactgacaatcgcgaagaggattgcggccgcgggtgcccatgttttgctggtggcgcggacacaagagactctcgaggaagtgaaagctgcgatcgaacagcaaggaggacaggcctcaatattcccatgcgacctgacggacatgaatgctattgaccagctgtctcagcagataatggcaagtgtcgatcatgtggactttctaataaacaacgcgggtcggtcaattcgccgtgccgttcatgagtcattcgatcgtttccatgatttcgaaaggacaatgcagcttaattactttggcgcggttagattagtgctgaaccttttgccgcatatgattaaacgcaagaacggtcagatcataaacatttcaagcataggcgtgctggccaatgcaacccggttctcggcgtatgtcgcatcaaaggcagctctggacgccttctctcgctgtcttagcgcggaagtgctgaaacataaaatctctataaccagcatatatatgccgttagtacgtaccccgatgatagctcccactaaaatctacaagtatgtcccgactttaagtcccgaagaagcagctgacctgatagtctatgccattgtcaaacgaccgacccgtattgcgacgcacctaggtagactggcatccataacatatgcaatcgcgccggatattaacaatatcctgatgagcattggattcaatctctttccgtcatcaacggccgccctcggcgaacaggaaaaattgaacctgttacagcgcgcctatgcgcggctgtttcccggggagcattggtaa
yjgB,9491,41.1,ttcccggggagcattggtaaaaaataaggaaagtataagaaatccaaact,atgtcgatgataaaaagctatgccgcaaaagaagcgggcggcgaactggaagtttatgagtacgatcccggtgagctgaggccacaagatgttgaagtgcaggtggattactgcgggatctgccattccgatctgtcgatgatcgataacgaatggggattttcacaatatccgctggttgccgggcatgaggtgattgggcgcgtggtggcactcgggagcgccgcgcaggataaaggtttgcaggtcggtcagcgtgtcgggattggctggacggcgcgtagctgtggtcactgcgacgcctgtattagcggtaatcagatcaactgcgagcaaggtgcggtgccgacgattatgaatcgcggtggctttgccgagaagttgcgtgcggactggcaatgggtgattccactgccagaaaatattgatatcgagtccgccgggccgctgttgtgcggcggtatcacggtctttaaaccactgttgatgcaccatatcactgctaccagccgcgttggggtaattggtattggcgggctggggcatatcgctataaaacttctgcacgcaatgggatgcgaggtgacagcctttagttctaatccggcgaaagagcaggaagtgctggcgatgggtgccgataaagtggtgaatagccgcgatccgcaggcactgaaagcactggcggggcagtttgatctcattatcaacaccgtcaacgtcagcctcgactggcagccctattttgaggcgctgacctatggcggtaatttccatacggtcggtgcggttctcacgccgctgtctgttccggcctttacgttaattgcgggcgatcgcagcgtctctggttctgctaccggcacgccttatgagctgcgtaagctgatgcgttttgccgcccgcagcaaggttgcgccgaccaccgaactgttcccgatgtcgaaaattaacgacgccatccagcatgtgcgcgacggtaaggcgcgttaccgcgtggtgttgaaagccgatttttga